{
  "CAADAQADQAEAAkV8AUfwabTcNad0BhYE": {
    "file_id": "CAADAQADQAEAAkV8AUfwabTcNad0BhYE",
    "document_id": 5116507287464182080,
    "emojis": [
      "\ud83c\udfad"
    ]
  },
  "CAADAQADRQEAAnrX-EZ10noKfNR4chYE": {
    "file_id": "CAADAQADRQEAAnrX-EZ10noKfNR4chYE",
    "document_id": 5114074295865180485,
    "emojis": [
      "\ud83c\udfad"
    ]
  },
  "CAADAQADmwEAAmhf-UaeLe9pg-ovHxYE": {
    "file_id": "CAADAQADmwEAAmhf-UaeLe9pg-ovHxYE",
    "document_id": 5114223752137146779,
    "emojis": [
      "\ud83c\udfad"
    ]
  },
  "CAADAQAD7AAD4hYAAUcx7oNlQnd2TBYE": {
    "file_id": "CAADAQAD7AAD4hYAAUcx7oNlQnd2TBYE",
    "document_id": 5116114336611303660,
    "emojis": [
      "\ud83c\udfad"
    ]
  },
  "CAADAQADVgEAArYS-EajtAMlQNq8phYE": {
    "file_id": "CAADAQADVgEAArYS-EajtAMlQNq8phYE",
    "document_id": 5113857949772546390,
    "emojis": [
      "\ud83c\udfad"
    ]
  },
  "CAADAQADjQEAAl_5AUfaXT27d_ieUBYE": {
    "file_id": "CAADAQADjQEAAl_5AUfaXT27d_ieUBYE",
    "document_id": 5116644838086803853,
    "emojis": [
      "\ud83c\udfad"
    ]
  },
  "CAADAQADKwEAAoU5-UYSK72QMAKYIhYE": {
    "file_id": "CAADAQADKwEAAoU5-UYSK72QMAKYIhYE",
    "document_id": 5114182095249342763,
    "emojis": [
      "\ud83c\udfad"
    ]
  },
  "CAADAQADHgIAAkq5AUdL1vUsoAg2ThYE": {
    "file_id": "CAADAQADHgIAAkq5AUdL1vUsoAg2ThYE",
    "document_id": 5116574379148313118,
    "emojis": [
      "\ud83c\udfad"
    ]
  },
  "CAADAQADzwEAAkeV-UYBhUpU_zbU2hYE": {
    "file_id": "CAADAQADzwEAAkeV-UYBhUpU_zbU2hYE",
    "document_id": 5114282984031125967,
    "emojis": [
      "\ud83c\udfad"
    ]
  },
  "CAADAQADrgEAAhRr-Ea6KY9aerDevhYE": {
    "file_id": "CAADAQADrgEAAhRr-Ea6KY9aerDevhYE",
    "document_id": 5113955110522716590,
    "emojis": [
      "\ud83c\udfad"
    ]
  },
  "CAADAQADewEAAllL-UZYy5iOOtA2oxYE": {
    "file_id": "CAADAQADewEAAllL-UZYy5iOOtA2oxYE",
    "document_id": 5114201697480081787,
    "emojis": [
      "\ud83c\udfad"
    ]
  },
  "CAADAQADgQEAAtsrAAFHgIapf8GOmcUWBA": {
    "file_id": "CAADAQADgQEAAtsrAAFHgIapf8GOmcUWBA",
    "document_id": 5116137396290716033,
    "emojis": [
      "\ud83c\udfad"
    ]
  },
  "CAADAQADNgEAAqMtAUfVEhdwHZmrsBYE": {
    "file_id": "CAADAQADNgEAAqMtAUfVEhdwHZmrsBYE",
    "document_id": 5116420829772513590,
    "emojis": [
      "\ud83c\udfad"
    ]
  },
  "CAADAQADggEAApEc-Ua4Liof9JfygBYE": {
    "file_id": "CAADAQADggEAApEc-Ua4Liof9JfygBYE",
    "document_id": 5114150260951744898,
    "emojis": [
      "\ud83c\udfad"
    ]
  },
  "CAADAQADsAEAAnIkAAFHKcFnGkwYS5oWBA": {
    "file_id": "CAADAQADsAEAAnIkAAFHKcFnGkwYS5oWBA",
    "document_id": 5116129248737755568,
    "emojis": [
      "\ud83c\udfad"
    ]
  },
  "CAADAQADMAEAApX_-EYKJwlqNiPtrRYE": {
    "file_id": "CAADAQADMAEAApX_-EYKJwlqNiPtrRYE",
    "document_id": 5114118392294408496,
    "emojis": [
      "\ud83c\udfad"
    ]
  },
  "CAADAQADDAEAAnC4AAFHp4muVY0KXF4WBA": {
    "file_id": "CAADAQADDAEAAnC4AAFHp4muVY0KXF4WBA",
    "document_id": 5116291967868731660,
    "emojis": [
      "\ud83c\udfad"
    ]
  },
  "CAADAQADBwEAAuvc-UZ2t922nKWtRhYE": {
    "file_id": "CAADAQADBwEAAuvc-UZ2t922nKWtRhYE",
    "document_id": 5114361753731334407,
    "emojis": [
      "\ud83c\udfad"
    ]
  },
  "CAADAQADPQEAAiQjAUfH2N-b1RFiAAEWBA": {
    "file_id": "CAADAQADPQEAAiQjAUfH2N-b1RFiAAEWBA",
    "document_id": 5116409289195389245,
    "emojis": [
      "\ud83c\udfad"
    ]
  },
  "CAADAQADvwADmL8BRwmirLewufikFgQ": {
    "file_id": "CAADAQADvwADmL8BRwmirLewufikFgQ",
    "document_id": 5116581311225528511,
    "emojis": [
      "\ud83c\udfad"
    ]
  },
  "CAADAQADNQEAAjF2-UaqIoGLQ973kRYE": {
    "file_id": "CAADAQADNQEAAjF2-UaqIoGLQ973kRYE",
    "document_id": 5114248804681384245,
    "emojis": [
      "\ud83c\udfad"
    ]
  },
  "CAADAQADCAIAAgobAUdCZLETWjfWGhYE": {
    "file_id": "CAADAQADCAIAAgobAUdCZLETWjfWGhYE",
    "document_id": 5116400381433217544,
    "emojis": [
      "\ud83c\udfad"
    ]
  },
  "CAADAQADIQEAAlFd-EbFEIdomODUbRYE": {
    "file_id": "CAADAQADIQEAAlFd-EbFEIdomODUbRYE",
    "document_id": 5113939979352932641,
    "emojis": [
      "\ud83c\udfad"
    ]
  },
  "CAADAQAD1AEAAuOg-EZ6u6UTd9mAORYE": {
    "file_id": "CAADAQAD1AEAAuOg-EZ6u6UTd9mAORYE",
    "document_id": 5114014273697219028,
    "emojis": [
      "\ud83c\udfad"
    ]
  },
  "CAADAQADEAEAAoIL-EZqCb5ZgyyvDhYE": {
    "file_id": "CAADAQADEAEAAoIL-EZqCb5ZgyyvDhYE",
    "document_id": 5113850029852852496,
    "emojis": [
      "\ud83c\udfad"
    ]
  },
  "CAADAQADagEAAjDm-Eao2d9X0MM_lBYE": {
    "file_id": "CAADAQADagEAAjDm-Eao2d9X0MM_lBYE",
    "document_id": 5114090470712017258,
    "emojis": [
      "\ud83c\udfad"
    ]
  },
  "CAADAQADrQEAAth4AUdv2U-iAnRbgBYE": {
    "file_id": "CAADAQADrQEAAth4AUdv2U-iAnRbgBYE",
    "document_id": 5116503520777863597,
    "emojis": [
      "\ud83c\udfad"
    ]
  },
  "CAADAQAD-gEAAlg3-UbucVj7QpK-jRYE": {
    "file_id": "CAADAQAD-gEAAlg3-UbucVj7QpK-jRYE",
    "document_id": 5114179702952559098,
    "emojis": [
      "\ud83c\udfad"
    ]
  },
  "CAADAQADwQEAAi4KAAFHllD8kWcbJLsWBA": {
    "file_id": "CAADAQADwQEAAi4KAAFHllD8kWcbJLsWBA",
    "document_id": 5116100369377657281,
    "emojis": [
      "\ud83c\udfad"
    ]
  },
  "CAADAQADMAIAAqGT-Ube5jPCXsUAAQEWBA": {
    "file_id": "CAADAQADMAIAAqGT-Ube5jPCXsUAAQEWBA",
    "document_id": 5114281171554927152,
    "emojis": [
      "\ud83c\udfad"
    ]
  },
  "CAADAQADCgEAAgiOAUd1eI5kKY6hIRYE": {
    "file_id": "CAADAQADCgEAAgiOAUd1eI5kKY6hIRYE",
    "document_id": 5116526816680476938,
    "emojis": [
      "\ud83c\udfad"
    ]
  },
  "CAADAQADgQQAAhIdAAFH7egp5Oq97HEWBA": {
    "file_id": "CAADAQADgQQAAhIdAAFH7egp5Oq97HEWBA",
    "document_id": 5116121139839501441,
    "emojis": [
      "\ud83c\udfad"
    ]
  },
  "CAADAQADnQEAAt0YAUfmnhdznX7CgxYE": {
    "file_id": "CAADAQADnQEAAt0YAUfmnhdznX7CgxYE",
    "document_id": 5116397989136433565,
    "emojis": [
      "\ud83c\udfad"
    ]
  },
  "CAADAQADbAEAAhNU-UbagtfoUXC0uRYE": {
    "file_id": "CAADAQADbAEAAhNU-UbagtfoUXC0uRYE",
    "document_id": 5114211292437021036,
    "emojis": [
      "\ud83c\udfad"
    ]
  },
  "CAADAQADsgEAAkeDAUcEU1riM-EXJxYE": {
    "file_id": "CAADAQADsgEAAkeDAUcEU1riM-EXJxYE",
    "document_id": 5116514992635511218,
    "emojis": [
      "\ud83c\udfad"
    ]
  },
  "CAADAQADsAEAAmpD-UZhN8ZXYcaepxYE": {
    "file_id": "CAADAQADsAEAAmpD-UZhN8ZXYcaepxYE",
    "document_id": 5114192974401503664,
    "emojis": [
      "\ud83c\udfad"
    ]
  },
  "CAADAQADtAEAAh-q-UaF9Hzr83u9xBYE": {
    "file_id": "CAADAQADtAEAAh-q-UaF9Hzr83u9xBYE",
    "document_id": 5114305901976617396,
    "emojis": [
      "\ud83c\udfad"
    ]
  },
  "CAADAQADQQEAAgyT-UaKwz1pKUnYWhYE": {
    "file_id": "CAADAQADQQEAAgyT-UaKwz1pKUnYWhYE",
    "document_id": 5114280531604799809,
    "emojis": [
      "\ud83c\udfad"
    ]
  },
  "CAADAQAD8AEAApWH-EZlXWBr8WUFuxYE": {
    "file_id": "CAADAQAD8AEAApWH-EZlXWBr8WUFuxYE",
    "document_id": 5113986450899075568,
    "emojis": [
      "\ud83c\udfad"
    ]
  },
  "CAADAQADPQEAAqPj-UbT3Mke8ZFUuRYE": {
    "file_id": "CAADAQADPQEAAqPj-UbT3Mke8ZFUuRYE",
    "document_id": 5114369141075083581,
    "emojis": [
      "\ud83c\udfad"
    ]
  },
  "CAADAQADUAEAAoyC-UZXf1o1EdZLFBYE": {
    "file_id": "CAADAQADUAEAAoyC-UZXf1o1EdZLFBYE",
    "document_id": 5114262389662941520,
    "emojis": [
      "\ud83c\udfad"
    ]
  },
  "CAADAQADwAEAAhxVAAFHs_TDh9MZt6YWBA": {
    "file_id": "CAADAQADwAEAAhxVAAFHs_TDh9MZt6YWBA",
    "document_id": 5116182755440329152,
    "emojis": [
      "\ud83c\udfad"
    ]
  },
  "CAADAQADQwEAAm37-UaSEYykjksd8RYE": {
    "file_id": "CAADAQADQwEAAm37-UaSEYykjksd8RYE",
    "document_id": 5114395297425916227,
    "emojis": [
      "\ud83c\udfad"
    ]
  },
  "CAADAQADOQEAAhW9AAFHk73VxZ5746YWBA": {
    "file_id": "CAADAQADOQEAAhW9AAFHk73VxZ5746YWBA",
    "document_id": 5116297074584846649,
    "emojis": [
      "\ud83c\udfad"
    ]
  },
  "CAADAQADNwEAArSKAUeBQLcCX0kINhYE": {
    "file_id": "CAADAQADNwEAArSKAUeBQLcCX0kINhYE",
    "document_id": 5116523157368340791,
    "emojis": [
      "\ud83c\udfad"
    ]
  },
  "CAADAQADDQEAAmTnAAFHquu7HAXqGV0WBA": {
    "file_id": "CAADAQADDQEAAmTnAAFHquu7HAXqGV0WBA",
    "document_id": 5116343593375629581,
    "emojis": [
      "\ud83c\udfad"
    ]
  },
  "CAADAQADwgADxjEAAUdhX_qz4HYKQRYE": {
    "file_id": "CAADAQADwgADxjEAAUdhX_qz4HYKQRYE",
    "document_id": 5116143903166169282,
    "emojis": [
      "\ud83c\udfad"
    ]
  },
  "CAADAQADJQIAAmzx-UbVTC_UztKdZhYE": {
    "file_id": "CAADAQADJQIAAmzx-UbVTC_UztKdZhYE",
    "document_id": 5114384298014671397,
    "emojis": [
      "\ud83c\udfad"
    ]
  },
  "CAADAQADRQEAAg5U-Ub2mQSUXS_-ZxYE": {
    "file_id": "CAADAQADRQEAAg5U-Ub2mQSUXS_-ZxYE",
    "document_id": 5114211270962184517,
    "emojis": [
      "\ud83c\udfad"
    ]
  },
  "CAADAQADVQEAAojV-EZXwFo6tEZjWhYE": {
    "file_id": "CAADAQADVQEAAojV-EZXwFo6tEZjWhYE",
    "document_id": 5114072156971467093,
    "emojis": [
      "\ud83c\udfad"
    ]
  },
  "CAADAQADVgMAAo2YAUdZEBg7WFXCmhYE": {
    "file_id": "CAADAQADVgMAAo2YAUdZEBg7WFXCmhYE",
    "document_id": 5116538383027405654,
    "emojis": [
      "\ud83c\udfad"
    ]
  },
  "CAADAQADWwEAAlUQAUcVokyycnVmahYE": {
    "file_id": "CAADAQADWwEAAlUQAUcVokyycnVmahYE",
    "document_id": 5116388608927859035,
    "emojis": [
      "\ud83c\udfad"
    ]
  },
  "CAADAQAD8wEAAt-rAAFHv7wGQtEuguEWBA": {
    "file_id": "CAADAQAD8wEAAt-rAAFHv7wGQtEuguEWBA",
    "document_id": 5116278150958940659,
    "emojis": [
      "\ud83c\udfad"
    ]
  },
  "CAADAQADcAEAAvKn-Ebvj1PlVUDm1RYE": {
    "file_id": "CAADAQADcAEAAvKn-Ebvj1PlVUDm1RYE",
    "document_id": 5114022034703122800,
    "emojis": [
      "\ud83c\udfad"
    ]
  },
  "CAADAQADeAEAArXj-EbwGSGUOmpxNBYE": {
    "file_id": "CAADAQADeAEAArXj-EbwGSGUOmpxNBYE",
    "document_id": 5114087743407784312,
    "emojis": [
      "\ud83c\udfad"
    ]
  },
  "CAADAQADcwEAAluuAUeSdKXX2uhbnhYE": {
    "file_id": "CAADAQADcwEAAluuAUeSdKXX2uhbnhYE",
    "document_id": 5116562357534851443,
    "emojis": [
      "\ud83c\udfad"
    ]
  },
  "CAADAQADWgEAAsxf-UbcJFdwMO5yiRYE": {
    "file_id": "CAADAQADWgEAAsxf-UbcJFdwMO5yiRYE",
    "document_id": 5114224181633876314,
    "emojis": [
      "\ud83c\udfad"
    ]
  },
  "CAADAQADDwEAAhWZAUeLaN5vRPUAAR0WBA": {
    "file_id": "CAADAQADDwEAAhWZAUeLaN5vRPUAAR0WBA",
    "document_id": 5116538967142957327,
    "emojis": [
      "\ud83c\udfad"
    ]
  },
  "CAADAQADPAEAAtbw-Uaobmked_d0WBYE": {
    "file_id": "CAADAQADPAEAAtbw-Uaobmked_d0WBYE",
    "document_id": 5114383653769576764,
    "emojis": [
      "\ud83c\udfad"
    ]
  },
  "CAADAQADCQIAAv-OAAFH4bMmjakAAbYRFgQ": {
    "file_id": "CAADAQADCQIAAv-OAAFH4bMmjakAAbYRFgQ",
    "document_id": 5116246402560688649,
    "emojis": [
      "\ud83c\udfad"
    ]
  },
  "CAADAQADJwEAAt4-AAFHJkyINkSpN_4WBA": {
    "file_id": "CAADAQADJwEAAt4-AAFHJkyINkSpN_4WBA",
    "document_id": 5116158299896545575,
    "emojis": [
      "\ud83c\udfad"
    ]
  },
  "CAADAQAD7AEAAmgl-EYC8m8E4wsQphYE": {
    "file_id": "CAADAQAD7AEAAmgl-EYC8m8E4wsQphYE",
    "document_id": 5113878505486025196,
    "emojis": [
      "\ud83c\udfad"
    ]
  },
  "CAADAQADRgEAAhKk-Ea3NeJJGVyX2RYE": {
    "file_id": "CAADAQADRgEAAhKk-Ea3NeJJGVyX2RYE",
    "document_id": 5114017774095565126,
    "emojis": [
      "\ud83c\udfad"
    ]
  },
  "CAADAQADDwIAAub7-UbMzafJhLa1fhYE": {
    "file_id": "CAADAQADDwIAAub7-UbMzafJhLa1fhYE",
    "document_id": 5114395817116959247,
    "emojis": [
      "\ud83c\udfad"
    ]
  },
  "CAADAQADrQEAAnfEAUdzaY6BgHEUHhYE": {
    "file_id": "CAADAQADrQEAAnfEAUdzaY6BgHEUHhYE",
    "document_id": 5116586667049746861,
    "emojis": [
      "\ud83c\udfad"
    ]
  },
  "CAADAQADcgEAAqV4AAFHTvBlJDXeqLIWBA": {
    "file_id": "CAADAQADcgEAAqV4AAFHTvBlJDXeqLIWBA",
    "document_id": 5116221826757820786,
    "emojis": [
      "\ud83c\udfad"
    ]
  },
  "CAADAQADrgEAAnLt-Uaqe5zn1rIQBBYE": {
    "file_id": "CAADAQADrgEAAnLt-Uaqe5zn1rIQBBYE",
    "document_id": 5114379925737963950,
    "emojis": [
      "\ud83c\udfad"
    ]
  },
  "CAADAQADTgIAAoAT-EYNQrxh7TyqPxYE": {
    "file_id": "CAADAQADTgIAAoAT-EYNQrxh7TyqPxYE",
    "document_id": 5113858817355940430,
    "emojis": [
      "\ud83c\udfad"
    ]
  },
  "CAADAQADnQEAAthLAUdIxu5D8LAlvRYE": {
    "file_id": "CAADAQADnQEAAthLAUdIxu5D8LAlvRYE",
    "document_id": 5116454042754613661,
    "emojis": [
      "\ud83c\udfad"
    ]
  },
  "CAADAQADVgEAAtjJ-UZ-vNH_F2YTKxYE": {
    "file_id": "CAADAQADVgEAAtjJ-UZ-vNH_F2YTKxYE",
    "document_id": 5114340781406028118,
    "emojis": [
      "\ud83c\udfad"
    ]
  },
  "CAADAQADDgEAAn34AUfdBhYqF1_aWRYE": {
    "file_id": "CAADAQADDgEAAn34AUfdBhYqF1_aWRYE",
    "document_id": 5116643867424194830,
    "emojis": [
      "\ud83c\udfad"
    ]
  },
  "CAADAQADewEAAhlOAAFHF2DiniTv7q8WBA": {
    "file_id": "CAADAQADewEAAhlOAAFHF2DiniTv7q8WBA",
    "document_id": 5116175045974032763,
    "emojis": [
      "\ud83c\udfad"
    ]
  },
  "CAADAQADqAEAAt06AAFHp2KVLO7LjvAWBA": {
    "file_id": "CAADAQADqAEAAt06AAFHp2KVLO7LjvAWBA",
    "document_id": 5116153897555067304,
    "emojis": [
      "\ud83c\udfad"
    ]
  },
  "CAADAQADQAEAAsaM-Ubdf-aZxbdWLBYE": {
    "file_id": "CAADAQADQAEAAsaM-Ubdf-aZxbdWLBYE",
    "document_id": 5114273633887322432,
    "emojis": [
      "\ud83c\udfad"
    ]
  },
  "CAADAQADCgIAAvWZAUfHXe650XG_YRYE": {
    "file_id": "CAADAQADCgIAAvWZAUfHXe650XG_YRYE",
    "document_id": 5116539929215631882,
    "emojis": [
      "\ud83c\udfad"
    ]
  },
  "CAADAQADQwEAAjWzAAFHwE4VxRE-cjEWBA": {
    "file_id": "CAADAQADQwEAAjWzAAFHwE4VxRE-cjEWBA",
    "document_id": 5116286216907522371,
    "emojis": [
      "\ud83c\udfad"
    ]
  },
  "CAADAQADqwEAAmTjAUe_L1kwLq-qXRYE": {
    "file_id": "CAADAQADqwEAAmTjAUe_L1kwLq-qXRYE",
    "document_id": 5116620670305829291,
    "emojis": [
      "\ud83c\udfad"
    ]
  },
  "CAADAQADRQEAAnuv-Uac5wMOJJ_yAxYE": {
    "file_id": "CAADAQADRQEAAnuv-Uac5wMOJJ_yAxYE",
    "document_id": 5114311794671747397,
    "emojis": [
      "\ud83c\udfad"
    ]
  },
  "CAADAQADEAIAAu0KAUdF0snRAAGnRoUWBA": {
    "file_id": "CAADAQADEAIAAu0KAUdF0snRAAGnRoUWBA",
    "document_id": 5116382664693121552,
    "emojis": [
      "\ud83c\udfad"
    ]
  },
  "CAADAQADpwEAAi3WAUdl6knvnvQ1hBYE": {
    "file_id": "CAADAQADpwEAAi3WAUdl6knvnvQ1hBYE",
    "document_id": 5116606140431466919,
    "emojis": [
      "\ud83c\udfad"
    ]
  },
  "CAADAQADmgEAArXv-EZxPJD4jS-vFBYE": {
    "file_id": "CAADAQADmgEAArXv-EZxPJD4jS-vFBYE",
    "document_id": 5114100937547317658,
    "emojis": [
      "\ud83c\udfad"
    ]
  },
  "CAADAQADrAIAAiVGAUdMCHCrUall1BYE": {
    "file_id": "CAADAQADrAIAAiVGAUdMCHCrUall1BYE",
    "document_id": 5116447776397329068,
    "emojis": [
      "\ud83c\udfad"
    ]
  },
  "CAADAQADWgEAAkKMAAFHlUeLITzD41QWBA": {
    "file_id": "CAADAQADWgEAAkKMAAFHlUeLITzD41QWBA",
    "document_id": 5116243391788613978,
    "emojis": [
      "\ud83c\udfad"
    ]
  },
  "CAADAQADkgEAAlJI-EY4nKQ5iiCY8RYE": {
    "file_id": "CAADAQADkgEAAlJI-EY4nKQ5iiCY8RYE",
    "document_id": 5113916893903716754,
    "emojis": [
      "\ud83c\udfad"
    ]
  },
  "CAADAQAD9AEAArZnAUeoxCI4uIWMMhYE": {
    "file_id": "CAADAQAD9AEAArZnAUeoxCI4uIWMMhYE",
    "document_id": 5116484683051303412,
    "emojis": [
      "\ud83c\udfad"
    ]
  },
  "CAADAQADXAEAAuAOAUcB6t4l1b_gihYE": {
    "file_id": "CAADAQADXAEAAuAOAUcB6t4l1b_gihYE",
    "document_id": 5116387006905057628,
    "emojis": [
      "\ud83c\udfad"
    ]
  },
  "CAADAQADZQEAAr9Q-EaqPN12VV4hKBYE": {
    "file_id": "CAADAQADZQEAAr9Q-EaqPN12VV4hKBYE",
    "document_id": 5113926158148174181,
    "emojis": [
      "\ud83c\udfad"
    ]
  },
  "CAADAQAD8gEAAnvfAAFHqiGUFOJMDVoWBA": {
    "file_id": "CAADAQAD8gEAAnvfAAFHqiGUFOJMDVoWBA",
    "document_id": 5116334896066855410,
    "emojis": [
      "\ud83c\udfad"
    ]
  },
  "CAADAQADRwEAAj6i-EY4zcw7CiDhIhYE": {
    "file_id": "CAADAQADRwEAAj6i-EY4zcw7CiDhIhYE",
    "document_id": 5114015764050870599,
    "emojis": [
      "\ud83c\udfad"
    ]
  },
  "CAADAQADTgEAAgvC-Eb79SuGV4LSXxYE": {
    "file_id": "CAADAQADTgEAAgvC-Eb79SuGV4LSXxYE",
    "document_id": 5114050729379627342,
    "emojis": [
      "\ud83c\udfad"
    ]
  },
  "CAADAQAD3wEAAqpsAAFHsS1DMSXrfm0WBA": {
    "file_id": "CAADAQAD3wEAAqpsAAFHsS1DMSXrfm0WBA",
    "document_id": 5116208654093124063,
    "emojis": [
      "\ud83c\udfad"
    ]
  },
  "CAADAQADVAEAAtez-UYn9wNGylaCThYE": {
    "file_id": "CAADAQADVAEAAtez-UYn9wNGylaCThYE",
    "document_id": 5114316587855249748,
    "emojis": [
      "\ud83c\udfad"
    ]
  },
  "CAADAQADDQEAAnCSAUep5eZwGhtFvxYE": {
    "file_id": "CAADAQADDQEAAnCSAUep5eZwGhtFvxYE",
    "document_id": 5116531661403586829,
    "emojis": [
      "\ud83c\udfad"
    ]
  },
  "CAADAQADLgEAAveN-UaCTWkMQ0PvpxYE": {
    "file_id": "CAADAQADLgEAAveN-UaCTWkMQ0PvpxYE",
    "document_id": 5114274943852347694,
    "emojis": [
      "\ud83c\udfad"
    ]
  },
  "CAADAQADQQEAAn2NAAFHeZSQif8oousWBA": {
    "file_id": "CAADAQADQQEAAn2NAAFHeZSQif8oousWBA",
    "document_id": 5116244744703312193,
    "emojis": [
      "\ud83c\udfad"
    ]
  },
  "CAADAQADngEAAhaZAAFHc97rg7a8IHoWBA": {
    "file_id": "CAADAQADngEAAhaZAAFHc97rg7a8IHoWBA",
    "document_id": 5116257496461214110,
    "emojis": [
      "\ud83c\udfad"
    ]
  },
  "CAADAQADXQEAApWq-EYWKWsoNxDO1xYE": {
    "file_id": "CAADAQADXQEAApWq-EYWKWsoNxDO1xYE",
    "document_id": 5114024933806047581,
    "emojis": [
      "\ud83c\udfad"
    ]
  },
  "CAADAQADewEAAm2W-EZVnwHUSgGQnBYE": {
    "file_id": "CAADAQADewEAAm2W-EZVnwHUSgGQnBYE",
    "document_id": 5114002771774800251,
    "emojis": [
      "\ud83c\udfad"
    ]
  },
  "CAADAQADeAIAAvSjAAFH_uSnz0HQq8cWBA": {
    "file_id": "CAADAQADeAIAAvSjAAFH_uSnz0HQq8cWBA",
    "document_id": 5116269445060231800,
    "emojis": [
      "\ud83c\udfad"
    ]
  },
  "CAADAQADuwEAAksN-UY_GeEvn0YW9RYE": {
    "file_id": "CAADAQADuwEAAksN-UY_GeEvn0YW9RYE",
    "document_id": 5114133467629617595,
    "emojis": [
      "\ud83c\udfad"
    ]
  },
  "CAADAQADUgEAAoHp-UYJY56Vdcg7HBYE": {
    "file_id": "CAADAQADUgEAAoHp-UYJY56Vdcg7HBYE",
    "document_id": 5114375592115962194,
    "emojis": [
      "\ud83c\udfad"
    ]
  },
  "CAADAQAD4wADYdIAAUfGXP5gzjruiBYE": {
    "file_id": "CAADAQAD4wADYdIAAUfGXP5gzjruiBYE",
    "document_id": 5116320490746544355,
    "emojis": [
      "\ud83c\udfad"
    ]
  },
  "CAADAQADIgIAArrqAAFHC-gqmlsbgv0WBA": {
    "file_id": "CAADAQADIgIAArrqAAFHC-gqmlsbgv0WBA",
    "document_id": 5116347261277700642,
    "emojis": [
      "\ud83c\udfad"
    ]
  },
  "CAADAQADgAEAAnsW-UYHI-B9-nGgmBYE": {
    "file_id": "CAADAQADgAEAAnsW-UYHI-B9-nGgmBYE",
    "document_id": 5114143569392697728,
    "emojis": [
      "\ud83c\udfad"
    ]
  },
  "CAADAQADTAEAAgfu-UYR0Llpeqh46xYE": {
    "file_id": "CAADAQADTAEAAgfu-UYR0Llpeqh46xYE",
    "document_id": 5114380565688090956,
    "emojis": [
      "\ud83c\udfad"
    ]
  },
  "CAADAQADaQEAAnan-EaUJWIZNtoAAZYWBA": {
    "file_id": "CAADAQADaQEAAnan-EaUJWIZNtoAAZYWBA",
    "document_id": 5114021502127178089,
    "emojis": [
      "\ud83c\udfad"
    ]
  },
  "CAADAQADIwMAAsCH-EbzO_xYS95cVhYE": {
    "file_id": "CAADAQADIwMAAsCH-EbzO_xYS95cVhYE",
    "document_id": 5113986635582669603,
    "emojis": [
      "\ud83c\udfad"
    ]
  },
  "CAADAQAD1QEAAp0P-UYFqSBHK4pJrBYE": {
    "file_id": "CAADAQAD1QEAAp0P-UYFqSBHK4pJrBYE",
    "document_id": 5114136018840191445,
    "emojis": [
      "\ud83c\udfad"
    ]
  },
  "CAADAQAD-gEAAsIAAQFHCsiNSFEeoS0WBA": {
    "file_id": "CAADAQAD-gEAAsIAAQFHCsiNSFEeoS0WBA",
    "document_id": 5116371484893250042,
    "emojis": [
      "\ud83c\udfad"
    ]
  },
  "CAADAQADagIAAhn0AAFHu-QZZBU76tMWBA": {
    "file_id": "CAADAQADagIAAhn0AAFHu-QZZBU76tMWBA",
    "document_id": 5116357564904243818,
    "emojis": [
      "\ud83c\udfad"
    ]
  },
  "CAADAQADGwEAAtWH-EbcOw2gscBevBYE": {
    "file_id": "CAADAQADGwEAAtWH-EbcOw2gscBevBYE",
    "document_id": 5113986725776982299,
    "emojis": [
      "\ud83c\udfad"
    ]
  },
  "CAADAQADOwEAAv1yAUeCFOdYNaLIrxYE": {
    "file_id": "CAADAQADOwEAAv1yAUeCFOdYNaLIrxYE",
    "document_id": 5116497082621886779,
    "emojis": [
      "\ud83c\udfad"
    ]
  },
  "CAADAQADgAEAApPFAUe5Rctg3RVORxYE": {
    "file_id": "CAADAQADgAEAApPFAUe5Rctg3RVORxYE",
    "document_id": 5116587886820458880,
    "emojis": [
      "\ud83c\udfad"
    ]
  },
  "CAADAQADTgIAAq7ZAAFHZWir8SD4TT4WBA": {
    "file_id": "CAADAQADTgIAAq7ZAAFHZWir8SD4TT4WBA",
    "document_id": 5116328518040420942,
    "emojis": [
      "\ud83c\udfad"
    ]
  },
  "CAADAQADbwIAAmqPAUdo6Jht6n4-TxYE": {
    "file_id": "CAADAQADbwIAAmqPAUdo6Jht6n4-TxYE",
    "document_id": 5116528337098900079,
    "emojis": [
      "\ud83c\udfad"
    ]
  },
  "CAADAQADogEAAsfd-UbZHHTVEc-gYBYE": {
    "file_id": "CAADAQADogEAAsfd-UbZHHTVEc-gYBYE",
    "document_id": 5114362698624139682,
    "emojis": [
      "\ud83c\udfad"
    ]
  },
  "CAADAQADbwEAAlQ6-EZQNS5Pp-FuHBYE": {
    "file_id": "CAADAQADbwEAAlQ6-EZQNS5Pp-FuHBYE",
    "document_id": 5113901509330862447,
    "emojis": [
      "\ud83c\udfad"
    ]
  },
  "CAADAQADOAEAApue-EYa0VoCrPD26BYE": {
    "file_id": "CAADAQADOAEAApue-EYa0VoCrPD26BYE",
    "document_id": 5114011765436318008,
    "emojis": [
      "\ud83c\udfad"
    ]
  },
  "CAADAQADSQEAAjAU-UbwYok1Zl0JqhYE": {
    "file_id": "CAADAQADSQEAAjAU-UbwYok1Zl0JqhYE",
    "document_id": 5114141048246894921,
    "emojis": [
      "\ud83c\udfad"
    ]
  },
  "CAADAQAD3QEAAsHF-EYIrjU9iP6YQRYE": {
    "file_id": "CAADAQAD3QEAAsHF-EYIrjU9iP6YQRYE",
    "document_id": 5114054809598558685,
    "emojis": [
      "\ud83c\udfad"
    ]
  }
}