{
  "CAADAQADugEAAtsLKEf-qQ0dwB1pdBYE": {
    "file_id": "CAADAQADugEAAtsLKEf-qQ0dwB1pdBYE",
    "document_id": 5127361210987053498,
    "emojis": [
      "\ud83c\udfad"
    ]
  },
  "CAADAQADzAEAAhX_KUeC4p0F0C6NOhYE": {
    "file_id": "CAADAQADzAEAAhX_KUeC4p0F0C6NOhYE",
    "document_id": 5127910116397416908,
    "emojis": [
      "\ud83c\udfad"
    ]
  },
  "CAADAQADFQMAArmAKEf0QCC7FEtJzhYE": {
    "file_id": "CAADAQADFQMAArmAKEf0QCC7FEtJzhYE",
    "document_id": 5127489707818615573,
    "emojis": [
      "\ud83c\udfad"
    ]
  },
  "CAADAQAD4gEAAm2HKUee0JiMePwadBYE": {
    "file_id": "CAADAQAD4gEAAm2HKUee0JiMePwadBYE",
    "document_id": 5127778552959205858,
    "emojis": [
      "\ud83c\udfad"
    ]
  },
  "CAADAQADzQEAAlGfKEckInuIPhvndhYE": {
    "file_id": "CAADAQADzQEAAlGfKEckInuIPhvndhYE",
    "document_id": 5127523346002477517,
    "emojis": [
      "\ud83c\udfad"
    ]
  },
  "CAADAQADoAEAAh8OKUcVEYFn5EnyGBYE": {
    "file_id": "CAADAQADoAEAAh8OKUcVEYFn5EnyGBYE",
    "document_id": 5127645177044795808,
    "emojis": [
      "\ud83c\udfad"
    ]
  },
  "CAADAQADeAIAAulMIEcNs4PjnKVDXRYE": {
    "file_id": "CAADAQADeAIAAulMIEcNs4PjnKVDXRYE",
    "document_id": 5125180939558716024,
    "emojis": [
      "\ud83c\udfad"
    ]
  },
  "CAADAQADVgIAAofPKUfI4vTQjvTRuxYE": {
    "file_id": "CAADAQADVgIAAofPKUfI4vTQjvTRuxYE",
    "document_id": 5127857829465555542,
    "emojis": [
      "\ud83c\udfad"
    ]
  },
  "CAADAQADfwEAAr9lKEeyM6PDVXJ6-xYE": {
    "file_id": "CAADAQADfwEAAr9lKEeyM6PDVXJ6-xYE",
    "document_id": 5127460046774468991,
    "emojis": [
      "\ud83c\udfad"
    ]
  },
  "CAADAQADYwEAAkWlKEdl3Q4nRC0TVhYE": {
    "file_id": "CAADAQADYwEAAkWlKEdl3Q4nRC0TVhYE",
    "document_id": 5127529891532636515,
    "emojis": [
      "\ud83c\udfad"
    ]
  },
  "CAADAQADYgMAAnoWKEeOwbMpgD8sJxYE": {
    "file_id": "CAADAQADYgMAAnoWKEeOwbMpgD8sJxYE",
    "document_id": 5127372889003131746,
    "emojis": [
      "\ud83c\udfad"
    ]
  },
  "CAADAQADJAIAApBtIEdAKyj3slzFHRYE": {
    "file_id": "CAADAQADJAIAApBtIEdAKyj3slzFHRYE",
    "document_id": 5125216841190343204,
    "emojis": [
      "\ud83c\udfad"
    ]
  },
  "CAADAQADEwIAAntZKEe1Hx-fSA68ZRYE": {
    "file_id": "CAADAQADEwIAAntZKEe1Hx-fSA68ZRYE",
    "document_id": 5127446560577159699,
    "emojis": [
      "\ud83c\udfad"
    ]
  },
  "CAADAQADMAIAAp4XKEd1FCaT_SaK2RYE": {
    "file_id": "CAADAQADMAIAAp4XKEd1FCaT_SaK2RYE",
    "document_id": 5127374143133581872,
    "emojis": [
      "\ud83c\udfad"
    ]
  },
  "CAADAQAD6wEAAikOIEeUyw1loxCh7hYE": {
    "file_id": "CAADAQAD6wEAAikOIEeUyw1loxCh7hYE",
    "document_id": 5125111945204072939,
    "emojis": [
      "\ud83c\udfad"
    ]
  },
  "CAADAQADEwMAAoQHIUdaWFRjIPZDTxYE": {
    "file_id": "CAADAQADEwMAAoQHIUdaWFRjIPZDTxYE",
    "document_id": 5125386114441413395,
    "emojis": [
      "\ud83c\udfad"
    ]
  },
  "CAADAQAD1AEAAjgpKEd6aSMKJLurexYE": {
    "file_id": "CAADAQAD1AEAAjgpKEd6aSMKJLurexYE",
    "document_id": 5127393496256217556,
    "emojis": [
      "\ud83c\udfad"
    ]
  },
  "CAADAQAD6QEAAj3QKUd0G8vx8cFFThYE": {
    "file_id": "CAADAQAD6QEAAj3QKUd0G8vx8cFFThYE",
    "document_id": 5127858611149603305,
    "emojis": [
      "\ud83c\udfad"
    ]
  },
  "CAADAQADHgIAAvxzIEfNAffoMYAphRYE": {
    "file_id": "CAADAQADHgIAAvxzIEfNAffoMYAphRYE",
    "document_id": 5125223902116577822,
    "emojis": [
      "\ud83c\udfad"
    ]
  },
  "CAADAQADVwIAAshoKEfwqviGEEgSvRYE": {
    "file_id": "CAADAQADVwIAAshoKEfwqviGEEgSvRYE",
    "document_id": 5127463383964058199,
    "emojis": [
      "\ud83c\udfad"
    ]
  },
  "CAADAQADxQEAAvnFKEduOiio1MdajxYE": {
    "file_id": "CAADAQADxQEAAvnFKEduOiio1MdajxYE",
    "document_id": 5127565848998838725,
    "emojis": [
      "\ud83c\udfad"
    ]
  }
}