{
  "CAADBAADfwADyPrsE4f-08cvJYWQFgQ": {
    "file_id": "CAADBAADfwADyPrsE4f-08cvJYWQFgQ",
    "document_id": 1435798118124748927,
    "emojis": [
      "\ud83d\udd1c",
      "\ud83d\udd50"
    ]
  },
  "CAADBAADgAADyPrsEyWvqyZpeTzKFgQ": {
    "file_id": "CAADBAADgAADyPrsEyWvqyZpeTzKFgQ",
    "document_id": 1435798118124748928,
    "emojis": [
      "\ud83d\udd1c",
      "\ud83d\udc4d"
    ]
  },
  "CAADBAADgQADyPrsExTMUEn2eoBGFgQ": {
    "file_id": "CAADBAADgQADyPrsExTMUEn2eoBGFgQ",
    "document_id": 1435798118124748929,
    "emojis": [
      "\ud83d\udd1c",
      "\ud83d\uddd3"
    ]
  },
  "CAADBAAD4wADyPrsE3OhJe5wNHW9FgQ": {
    "file_id": "CAADBAAD4wADyPrsE3OhJe5wNHW9FgQ",
    "document_id": 1435798118124749027,
    "emojis": [
      "\ud83d\udd1c",
      "\ud83d\uddd3"
    ]
  },
  "CAADBAADgwADyPrsE-JqZ0pw0f1EFgQ": {
    "file_id": "CAADBAADgwADyPrsE-JqZ0pw0f1EFgQ",
    "document_id": 1435798118124748931,
    "emojis": [
      "\ud83d\uddd3",
      "\ud83d\udcf9"
    ]
  },
  "CAADBAADhAADyPrsE992FIWBH_T-FgQ": {
    "file_id": "CAADBAADhAADyPrsE992FIWBH_T-FgQ",
    "document_id": 1435798118124748932,
    "emojis": [
      "\ud83d\uddd3",
      "\ud83d\udc4c"
    ]
  },
  "CAADBAADhQADyPrsExqril1-fPmJFgQ": {
    "file_id": "CAADBAADhQADyPrsExqril1-fPmJFgQ",
    "document_id": 1435798118124748933,
    "emojis": [
      "\ud83d\udc40"
    ]
  },
  "CAADBAADhgADyPrsE4BSu0U8iwj9FgQ": {
    "file_id": "CAADBAADhgADyPrsE4BSu0U8iwj9FgQ",
    "document_id": 1435798118124748934,
    "emojis": [
      "\u2753",
      "\ud83e\udd28"
    ]
  },
  "CAADBAADhwADyPrsE50dXRrcQYcQFgQ": {
    "file_id": "CAADBAADhwADyPrsE50dXRrcQYcQFgQ",
    "document_id": 1435798118124748935,
    "emojis": [
      "\ud83d\ude4f",
      "\ud83d\udc49"
    ]
  },
  "CAADBAADiAADyPrsE4zVsWYRa5QRFgQ": {
    "file_id": "CAADBAADiAADyPrsE4zVsWYRa5QRFgQ",
    "document_id": 1435798118124748936,
    "emojis": [
      "\ud83c\udf46",
      "\ud83c\udfa3"
    ]
  },
  "CAADBAADiQADyPrsEzGcWPLYgfmpFgQ": {
    "file_id": "CAADBAADiQADyPrsEzGcWPLYgfmpFgQ",
    "document_id": 1435798118124748937,
    "emojis": [
      "\ud83e\ude78",
      "\ud83d\udc10"
    ]
  },
  "CAADBAADiwADyPrsEyX_eWuBm52RFgQ": {
    "file_id": "CAADBAADiwADyPrsEyX_eWuBm52RFgQ",
    "document_id": 1435798118124748939,
    "emojis": [
      "\ud83e\udd21",
      "\u2639"
    ]
  },
  "CAADBAAD5AoAAoWB2FKs3MA0iiR9VhYE": {
    "file_id": "CAADBAAD5AoAAoWB2FKs3MA0iiR9VhYE",
    "document_id": 5969663714310228708,
    "emojis": [
      "\ud83d\ude2d",
      "\ud83d\ude22"
    ]
  },
  "CAADBAADjwADyPrsE1OzniD29IJ3FgQ": {
    "file_id": "CAADBAADjwADyPrsE1OzniD29IJ3FgQ",
    "document_id": 1435798118124748943,
    "emojis": [
      "\u263a"
    ]
  },
  "CAADBAADkQADyPrsEyOWJhzStzcRFgQ": {
    "file_id": "CAADBAADkQADyPrsEyOWJhzStzcRFgQ",
    "document_id": 1435798118124748945,
    "emojis": [
      "\ud83d\udd75\u200d\u2642",
      "\ud83d\udcbc"
    ]
  },
  "CAADBAADkgADyPrsE7RO1Qy0_Vp2FgQ": {
    "file_id": "CAADBAADkgADyPrsE7RO1Qy0_Vp2FgQ",
    "document_id": 1435798118124748946,
    "emojis": [
      "\ud83d\uddd3",
      "\ud83e\udd10"
    ]
  },
  "CAADBAADlQADyPrsEyjL20v-zLwrFgQ": {
    "file_id": "CAADBAADlQADyPrsEyjL20v-zLwrFgQ",
    "document_id": 1435798118124748949,
    "emojis": [
      "\ud83e\udd71",
      "\ud83d\ude01"
    ]
  },
  "CAADBAADnAADyPrsE7y47qr_5PkrFgQ": {
    "file_id": "CAADBAADnAADyPrsE7y47qr_5PkrFgQ",
    "document_id": 1435798118124748956,
    "emojis": [
      "\ud83d\udc49",
      "\ud83d\udc41",
      "\ud83d\udc46"
    ]
  },
  "CAADBAADngADyPrsE_4dD8USbxz4FgQ": {
    "file_id": "CAADBAADngADyPrsE_4dD8USbxz4FgQ",
    "document_id": 1435798118124748958,
    "emojis": [
      "\ud83d\udd1c",
      "\ud83e\ude90"
    ]
  },
  "CAADBAADogADyPrsE9Cc1bKmRvLIFgQ": {
    "file_id": "CAADBAADogADyPrsE9Cc1bKmRvLIFgQ",
    "document_id": 1435798118124748962,
    "emojis": [
      "\ud83d\ude02"
    ]
  },
  "CAADBAADwwADyPrsE1k2eQghEOKSFgQ": {
    "file_id": "CAADBAADwwADyPrsE1k2eQghEOKSFgQ",
    "document_id": 1435798118124748995,
    "emojis": [
      "\ud83d\ude02",
      "\ud83d\udc68"
    ]
  },
  "CAADBAADxQADyPrsE7dZM2K_yCd5FgQ": {
    "file_id": "CAADBAADxQADyPrsE7dZM2K_yCd5FgQ",
    "document_id": 1435798118124748997,
    "emojis": [
      "\ud83d\udc49",
      "\ud83d\ude0e"
    ]
  },
  "CAADBAADxwADyPrsExWK9LcYt-j8FgQ": {
    "file_id": "CAADBAADxwADyPrsExWK9LcYt-j8FgQ",
    "document_id": 1435798118124748999,
    "emojis": [
      "\ud83d\udc4b"
    ]
  },
  "CAADBAADywADyPrsExpZ78BC2iZMFgQ": {
    "file_id": "CAADBAADywADyPrsExpZ78BC2iZMFgQ",
    "document_id": 1435798118124749003,
    "emojis": [
      "\u2708",
      "\u261d"
    ]
  },
  "CAADBAADzAADyPrsE_mAorjcQhhzFgQ": {
    "file_id": "CAADBAADzAADyPrsE_mAorjcQhhzFgQ",
    "document_id": 1435798118124749004,
    "emojis": [
      "\ud83c\udf7d",
      "\ud83c\udf5b"
    ]
  },
  "CAADBAADzwADyPrsE3XFwss16jHPFgQ": {
    "file_id": "CAADBAADzwADyPrsE3XFwss16jHPFgQ",
    "document_id": 1435798118124749007,
    "emojis": [
      "\ud83d\ude2d",
      "\ud83d\ude22"
    ]
  },
  "CAADBAAD0QADyPrsE35AzwVCl8RYFgQ": {
    "file_id": "CAADBAAD0QADyPrsE35AzwVCl8RYFgQ",
    "document_id": 1435798118124749009,
    "emojis": [
      "\ud83d\udcab",
      "\u2b50"
    ]
  },
  "CAADBAAD1QADyPrsE5jT2uJ5OuEzFgQ": {
    "file_id": "CAADBAAD1QADyPrsE5jT2uJ5OuEzFgQ",
    "document_id": 1435798118124749013,
    "emojis": [
      "\u26b0",
      "\ud83d\ude35"
    ]
  },
  "CAADBAAD1wADyPrsEwZjB_E1bWybFgQ": {
    "file_id": "CAADBAAD1wADyPrsEwZjB_E1bWybFgQ",
    "document_id": 1435798118124749015,
    "emojis": [
      "\ud83e\udd14",
      "\ud83d\udeab"
    ]
  },
  "CAADBAAD2QADyPrsE3LAiJ9JJS0eFgQ": {
    "file_id": "CAADBAAD2QADyPrsE3LAiJ9JJS0eFgQ",
    "document_id": 1435798118124749017,
    "emojis": [
      "\ud83d\ude0f",
      "\ud83d\udca5"
    ]
  },
  "CAADBAAD2gADyPrsE681hp5hBtdQFgQ": {
    "file_id": "CAADBAAD2gADyPrsE681hp5hBtdQFgQ",
    "document_id": 1435798118124749018,
    "emojis": [
      "\ud83d\udd1c",
      "\ud83c\udd99"
    ]
  },
  "CAADBAAD3gADyPrsExSBv02ia0XWFgQ": {
    "file_id": "CAADBAAD3gADyPrsExSBv02ia0XWFgQ",
    "document_id": 1435798118124749022,
    "emojis": [
      "\ud83e\udd37\u200d\u2640",
      "\ud83e\udd37\u200d\u2642",
      "\ud83e\udd37"
    ]
  },
  "CAADBAAD4QADyPrsE2vj5Pr_zcVUFgQ": {
    "file_id": "CAADBAAD4QADyPrsE2vj5Pr_zcVUFgQ",
    "document_id": 1435798118124749025,
    "emojis": [
      "\ud83d\ude10",
      "\u2754"
    ]
  },
  "CAADBAAD5QADyPrsE3nFyRgoMLFdFgQ": {
    "file_id": "CAADBAAD5QADyPrsE3nFyRgoMLFdFgQ",
    "document_id": 1435798118124749029,
    "emojis": [
      "\ud83d\ude10",
      "\ud83d\ude28"
    ]
  },
  "CAADBAADQAkAAhQ6YFFDByOsl-HZ_hYE": {
    "file_id": "CAADBAADQAkAAhQ6YFFDByOsl-HZ_hYE",
    "document_id": 5863750572410145088,
    "emojis": [
      "\ud83d\udc8a",
      "\ud83e\uddd1\u200d\u2695",
      "\ud83d\udc68\u200d\u2695",
      "\ud83d\udc69\u200d\u2695",
      "0\u20e3"
    ]
  },
  "CAADBAADRAoAAlI-MFNgUcpeH9mnJhYE": {
    "file_id": "CAADBAADRAoAAlI-MFNgUcpeH9mnJhYE",
    "document_id": 5994359625938373188,
    "emojis": [
      "\u263a",
      "\ud83d\ude01",
      "\ud83d\ude0a"
    ]
  },
  "CAADBAADYwsAAvfYwVAyqkYLS4SPxRYE": {
    "file_id": "CAADBAADYwsAAvfYwVAyqkYLS4SPxRYE",
    "document_id": 5819170748907916131,
    "emojis": [
      "\ud83d\ude10",
      "\ud83d\udc4a"
    ]
  }
}