{
  "CAADAQAD0R4AAsk9OEcL2HfDkSBXZBYE": {
    "file_id": "CAADAQAD0R4AAsk9OEcL2HfDkSBXZBYE",
    "document_id": 5131919708886408913,
    "emojis": [
      "\ud83c\udfad"
    ]
  },
  "CAADAQADKgIAAmnxOEdxIUKdiPYJchYE": {
    "file_id": "CAADAQADKgIAAmnxOEdxIUKdiPYJchYE",
    "document_id": 5132117208662540842,
    "emojis": [
      "\ud83c\udfad"
    ]
  },
  "CAADAQADjQEAAs4_OUcu1VT6v2IAAZ8WBA": {
    "file_id": "CAADAQADjQEAAs4_OUcu1VT6v2IAAZ8WBA",
    "document_id": 5132203404361204109,
    "emojis": [
      "\ud83c\udfad"
    ]
  },
  "CAADAQADIwIAApi9MEfIM6C2cQTHuxYE": {
    "file_id": "CAADAQADIwIAApi9MEfIM6C2cQTHuxYE",
    "document_id": 5129808436107674147,
    "emojis": [
      "\ud83c\udfad"
    ]
  },
  "CAADAQADrwEAAl8nMEfatILCJxKOrhYE": {
    "file_id": "CAADAQADrwEAAl8nMEfatILCJxKOrhYE",
    "document_id": 5129643264550371759,
    "emojis": [
      "\ud83c\udfad"
    ]
  },
  "CAADAQADCAIAAsHWMEdIoMG2U6WrOxYE": {
    "file_id": "CAADAQADCAIAAsHWMEdIoMG2U6WrOxYE",
    "document_id": 5129836099992027656,
    "emojis": [
      "\ud83c\udfad"
    ]
  },
  "CAADAQADZgIAAnCbMEd9Q4dAU-uZMRYE": {
    "file_id": "CAADAQADZgIAAnCbMEd9Q4dAU-uZMRYE",
    "document_id": 5129770880913637990,
    "emojis": [
      "\ud83c\udfad"
    ]
  },
  "CAADAQADvQEAAjE8MUcqsZdinhmqchYE": {
    "file_id": "CAADAQADvQEAAjE8MUcqsZdinhmqchYE",
    "document_id": 5129947631702770109,
    "emojis": [
      "\ud83c\udfad"
    ]
  },
  "CAADAQADtAEAAm0rMEc51fzMv47BdhYE": {
    "file_id": "CAADAQADtAEAAm0rMEc51fzMv47BdhYE",
    "document_id": 5129647722726425012,
    "emojis": [
      "\ud83c\udfad"
    ]
  },
  "CAADAQADugIAAn3vMUe7r8OnNyoUxRYE": {
    "file_id": "CAADAQADugIAAn3vMUe7r8OnNyoUxRYE",
    "document_id": 5130144770701656762,
    "emojis": [
      "\ud83c\udfad"
    ]
  },
  "CAADAQADLAIAAsD8MEdPGsvjoqzvyRYE": {
    "file_id": "CAADAQADLAIAAsD8MEdPGsvjoqzvyRYE",
    "document_id": 5129877877138915884,
    "emojis": [
      "\ud83c\udfad"
    ]
  },
  "CAADAQADLgIAAocNMEeVisKVrpQ-0RYE": {
    "file_id": "CAADAQADLgIAAocNMEeVisKVrpQ-0RYE",
    "document_id": 5129614849046741550,
    "emojis": [
      "\ud83c\udfad"
    ]
  },
  "CAADAQAD3gEAAiDaOUcrXtO8qteAphYE": {
    "file_id": "CAADAQAD3gEAAiDaOUcrXtO8qteAphYE",
    "document_id": 5132373081339199966,
    "emojis": [
      "\ud83c\udfad"
    ]
  },
  "CAADAQADpwEAAhHbMUfFkpHOLIxkvxYE": {
    "file_id": "CAADAQADpwEAAhHbMUfFkpHOLIxkvxYE",
    "document_id": 5130122316612632999,
    "emojis": [
      "\ud83c\udfad"
    ]
  },
  "CAADAQADZQIAAmNeMEfs35MsLYduhBYE": {
    "file_id": "CAADAQADZQIAAmNeMEfs35MsLYduhBYE",
    "document_id": 5129703754869768805,
    "emojis": [
      "\ud83c\udfad"
    ]
  },
  "CAADAQADLwIAAiSfMUfSq6lIswXT1xYE": {
    "file_id": "CAADAQADLwIAAiSfMUfSq6lIswXT1xYE",
    "document_id": 5130056427519345199,
    "emojis": [
      "\ud83c\udfad"
    ]
  },
  "CAADAQADxwEAAtdMOEffWXsTsl7wchYE": {
    "file_id": "CAADAQADxwEAAtdMOEffWXsTsl7wchYE",
    "document_id": 5131936261690360263,
    "emojis": [
      "\ud83c\udfad"
    ]
  },
  "CAADAQADSwUAAhDcMEcwS26QwnXxQhYE": {
    "file_id": "CAADAQADSwUAAhDcMEcwS26QwnXxQhYE",
    "document_id": 5129841936852583755,
    "emojis": [
      "\ud83c\udfad"
    ]
  },
  "CAADAQADwAEAAiRZOEdhrLWAXIoYwBYE": {
    "file_id": "CAADAQADwAEAAiRZOEdhrLWAXIoYwBYE",
    "document_id": 5131949786542375360,
    "emojis": [
      "\ud83c\udfad"
    ]
  },
  "CAADAQADWwEAAsGPMUesWYHJLdxQZRYE": {
    "file_id": "CAADAQADWwEAAsGPMUesWYHJLdxQZRYE",
    "document_id": 5130039509643166043,
    "emojis": [
      "\ud83c\udfad"
    ]
  },
  "CAADAQADlwEAAk3xOUf__xAMJOSbBBYE": {
    "file_id": "CAADAQADlwEAAk3xOUf__xAMJOSbBBYE",
    "document_id": 5132398563380167063,
    "emojis": [
      "\ud83c\udfad"
    ]
  },
  "CAADAQADuQIAAp2VMUc3tJTUZQS6DRYE": {
    "file_id": "CAADAQADuQIAAp2VMUc3tJTUZQS6DRYE",
    "document_id": 5130045952094110393,
    "emojis": [
      "\ud83c\udfad"
    ]
  },
  "CAADAQADKQIAAo17OUeyLXyri-0NTBYE": {
    "file_id": "CAADAQADKQIAAo17OUeyLXyri-0NTBYE",
    "document_id": 5132269095885996585,
    "emojis": [
      "\ud83c\udfad"
    ]
  },
  "CAADAQADMwEAApF6MUfl9e2CwHexiBYE": {
    "file_id": "CAADAQADMwEAApF6MUfl9e2CwHexiBYE",
    "document_id": 5130016213740552499,
    "emojis": [
      "\ud83c\udfad"
    ]
  },
  "CAADAQADHQMAAoz7MUeBNVmJR6afgRYE": {
    "file_id": "CAADAQADHQMAAoz7MUeBNVmJR6afgRYE",
    "document_id": 5130158029265699613,
    "emojis": [
      "\ud83c\udfad"
    ]
  },
  "CAADAQAD9AEAApkiMUdHBgkQp13DoxYE": {
    "file_id": "CAADAQAD9AEAApkiMUdHBgkQp13DoxYE",
    "document_id": 5129919491077046772,
    "emojis": [
      "\ud83c\udfad"
    ]
  },
  "CAADAQADJQIAAuaHMUdWOi5L78B7uhYE": {
    "file_id": "CAADAQADJQIAAuaHMUdWOi5L78B7uhYE",
    "document_id": 5130030872463933989,
    "emojis": [
      "\ud83c\udfad"
    ]
  },
  "CAADAQADYgEAAjGzOEesXKTFPHnx9hYE": {
    "file_id": "CAADAQADYgEAAjGzOEesXKTFPHnx9hYE",
    "document_id": 5132048798423449954,
    "emojis": [
      "\ud83c\udfad"
    ]
  },
  "CAADAQADzQEAAugCMUdhCCnNhoCYGRYE": {
    "file_id": "CAADAQADzQEAAugCMUdhCCnNhoCYGRYE",
    "document_id": 5129884646007374285,
    "emojis": [
      "\ud83c\udfad"
    ]
  },
  "CAADAQADZQIAAsSVMEc2WsDVGkhZXxYE": {
    "file_id": "CAADAQADZQIAAsSVMEc2WsDVGkhZXxYE",
    "document_id": 5129764644621124197,
    "emojis": [
      "\ud83c\udfad"
    ]
  },
  "CAADAQADpAIAAqiwMUcs2e0jLzVb6RYE": {
    "file_id": "CAADAQADpAIAAqiwMUcs2e0jLzVb6RYE",
    "document_id": 5130075686152700580,
    "emojis": [
      "\ud83c\udfad"
    ]
  },
  "CAADAQAD1QIAAtzQMUehgI34Fy8huxYE": {
    "file_id": "CAADAQAD1QIAAtzQMUehgI34Fy8huxYE",
    "document_id": 5130111093863088853,
    "emojis": [
      "\ud83c\udfad"
    ]
  },
  "CAADAQADfAEAAi1ZMEdFRGxcsZvEUBYE": {
    "file_id": "CAADAQADfAEAAi1ZMEdFRGxcsZvEUBYE",
    "document_id": 5129698025383395708,
    "emojis": [
      "\ud83c\udfad"
    ]
  },
  "CAADAQADuQEAAq8DMUfmZIHsZuf-RhYE": {
    "file_id": "CAADAQADuQEAAq8DMUfmZIHsZuf-RhYE",
    "document_id": 5129885500705866169,
    "emojis": [
      "\ud83c\udfad"
    ]
  },
  "CAADAQADWwMAApA3MEd4qsk2vR5FShYE": {
    "file_id": "CAADAQADWwMAApA3MEd4qsk2vR5FShYE",
    "document_id": 5129661067189814107,
    "emojis": [
      "\ud83c\udfad"
    ]
  },
  "CAADAQADxQEAAnQmMUfeSXy-j2aUUxYE": {
    "file_id": "CAADAQADxQEAAnQmMUfeSXy-j2aUUxYE",
    "document_id": 5129923730209767877,
    "emojis": [
      "\ud83c\udfad"
    ]
  },
  "CAADAQADFQIAAuTyMUeDu-HAqx9BbhYE": {
    "file_id": "CAADAQADFQIAAuTyMUeDu-HAqx9BbhYE",
    "document_id": 5130148511618171413,
    "emojis": [
      "\ud83c\udfad"
    ]
  },
  "CAADAQADewEAAhekOEc4hWWc-ZS3EhYE": {
    "file_id": "CAADAQADewEAAhekOEc4hWWc-ZS3EhYE",
    "document_id": 5132032194079883643,
    "emojis": [
      "\ud83c\udfad"
    ]
  },
  "CAADAQADvQEAAq3CMEcxJq1MlnRbGxYE": {
    "file_id": "CAADAQADvQEAAq3CMEcxJq1MlnRbGxYE",
    "document_id": 5129814023860126141,
    "emojis": [
      "\ud83c\udfad"
    ]
  },
  "CAADAQAD-AEAAqVSMEf68DAMScpuGxYE": {
    "file_id": "CAADAQAD-AEAAqVSMEf68DAMScpuGxYE",
    "document_id": 5129690844198076920,
    "emojis": [
      "\ud83c\udfad"
    ]
  },
  "CAADAQADOAIAApHMMUfDdgfon7nSnhYE": {
    "file_id": "CAADAQADOAIAApHMMUfDdgfon7nSnhYE",
    "document_id": 5130106373694030392,
    "emojis": [
      "\ud83c\udfad"
    ]
  },
  "CAADAQAD-AEAAmQnMEfJFjlInhJqWhYE": {
    "file_id": "CAADAQAD-AEAAmQnMEfJFjlInhJqWhYE",
    "document_id": 5129643286025208312,
    "emojis": [
      "\ud83c\udfad"
    ]
  },
  "CAADAQAD8QEAAkHMMEcV5M2gVyvvpBYE": {
    "file_id": "CAADAQAD8QEAAkHMMEcV5M2gVyvvpBYE",
    "document_id": 5129824555119935985,
    "emojis": [
      "\ud83c\udfad"
    ]
  },
  "CAADAQADgwEAAvZzMEcc9T76hhGW_xYE": {
    "file_id": "CAADAQADgwEAAvZzMEcc9T76hhGW_xYE",
    "document_id": 5129727475974144387,
    "emojis": [
      "\ud83c\udfad"
    ]
  },
  "CAADAQADlwEAAhw7OUdaZkDu0rOrJBYE": {
    "file_id": "CAADAQADlwEAAhw7OUdaZkDu0rOrJBYE",
    "document_id": 5132198241810514327,
    "emojis": [
      "\ud83c\udfad"
    ]
  },
  "CAADAQADkAIAAgaaMUf0Z_sC61rJmhYE": {
    "file_id": "CAADAQADkAIAAgaaMUf0Z_sC61rJmhYE",
    "document_id": 5130050801112187536,
    "emojis": [
      "\ud83c\udfad"
    ]
  },
  "CAADAQADlAEAAiVlMUeuj_MM9gsZchYE": {
    "file_id": "CAADAQADlAEAAiVlMUeuj_MM9gsZchYE",
    "document_id": 5129992660139901332,
    "emojis": [
      "\ud83c\udfad"
    ]
  },
  "CAADAQADbwEAAgIGOUfFw33WDMb-4BYE": {
    "file_id": "CAADAQADbwEAAgIGOUfFw33WDMb-4BYE",
    "document_id": 5132139856025092463,
    "emojis": [
      "\ud83c\udfad"
    ]
  },
  "CAADAQAD-AEAAsoFMEfhaA_yIyAgYRYE": {
    "file_id": "CAADAQAD-AEAAsoFMEfhaA_yIyAgYRYE",
    "document_id": 5129606340716528120,
    "emojis": [
      "\ud83c\udfad"
    ]
  },
  "CAADAQADiAMAAqHVOUeUvr7-A0YGdRYE": {
    "file_id": "CAADAQADiAMAAqHVOUeUvr7-A0YGdRYE",
    "document_id": 5132368137831842696,
    "emojis": [
      "\ud83c\udfad"
    ]
  },
  "CAADAQADGQIAAlOoOEff3DeUt3QJ6BYE": {
    "file_id": "CAADAQADGQIAAlOoOEff3DeUt3QJ6BYE",
    "document_id": 5132036849824432665,
    "emojis": [
      "\ud83c\udfad"
    ]
  },
  "CAADAQADHgIAAv5DMEfEt9xXgyDVjhYE": {
    "file_id": "CAADAQADHgIAAv5DMEfEt9xXgyDVjhYE",
    "document_id": 5129674733775749662,
    "emojis": [
      "\ud83c\udfad"
    ]
  },
  "CAADAQADCQIAAgLqMEdzQ4BoNaxhoBYE": {
    "file_id": "CAADAQADCQIAAgLqMEdzQ4BoNaxhoBYE",
    "document_id": 5129857269885829641,
    "emojis": [
      "\ud83c\udfad"
    ]
  },
  "CAADAQADyQIAAoPLMUfiNAjS9qgH1hYE": {
    "file_id": "CAADAQADyQIAAoPLMUfiNAjS9qgH1hYE",
    "document_id": 5130105214052860617,
    "emojis": [
      "\ud83c\udfad"
    ]
  },
  "CAADAQADEwIAAs70MUej74BZXb0PyhYE": {
    "file_id": "CAADAQADEwIAAs70MUej74BZXb0PyhYE",
    "document_id": 5130150616152146451,
    "emojis": [
      "\ud83c\udfad"
    ]
  },
  "CAADAQAD_QIAAsFQMEezX0S9vFjJ4hYE": {
    "file_id": "CAADAQAD_QIAAsFQMEezX0S9vFjJ4hYE",
    "document_id": 5129688765433905917,
    "emojis": [
      "\ud83c\udfad"
    ]
  },
  "CAADAQADDwEAAvDOOEdksNtLrV7XfBYE": {
    "file_id": "CAADAQADDwEAAvDOOEdksNtLrV7XfBYE",
    "document_id": 5132079305576153359,
    "emojis": [
      "\ud83c\udfad"
    ]
  },
  "CAADAQAD_QEAApPxMEc5if85DTUitRYE": {
    "file_id": "CAADAQAD_QEAApPxMEc5if85DTUitRYE",
    "document_id": 5129865589237481981,
    "emojis": [
      "\ud83c\udfad"
    ]
  },
  "CAADAQAD2AEAAtfcMEeGT8EkHE5xxRYE": {
    "file_id": "CAADAQAD2AEAAtfcMEeGT8EkHE5xxRYE",
    "document_id": 5129842791551074776,
    "emojis": [
      "\ud83c\udfad"
    ]
  },
  "CAADAQADJwIAAi_4MUcjvkCy5sZ5MRYE": {
    "file_id": "CAADAQADJwIAAi_4MUcjvkCy5sZ5MRYE",
    "document_id": 5130154331298857511,
    "emojis": [
      "\ud83c\udfad"
    ]
  },
  "CAADAQAD7wEAAsi7MUdhWvQispK7wRYE": {
    "file_id": "CAADAQAD7wEAAsi7MUdhWvQispK7wRYE",
    "document_id": 5130087918219559407,
    "emojis": [
      "\ud83c\udfad"
    ]
  },
  "CAADAQADSgIAAozyMEceNHk0MRDkRRYE": {
    "file_id": "CAADAQADSgIAAozyMEceNHk0MRDkRRYE",
    "document_id": 5129866658684338762,
    "emojis": [
      "\ud83c\udfad"
    ]
  },
  "CAADAQADzgEAAiUCMUeFnLO21PQvWxYE": {
    "file_id": "CAADAQADzgEAAiUCMUeFnLO21PQvWxYE",
    "document_id": 5129883808488751566,
    "emojis": [
      "\ud83c\udfad"
    ]
  },
  "CAADAQADVQIAAkOkMUfJRMdFMBKEqBYE": {
    "file_id": "CAADAQADVQIAAkOkMUfJRMdFMBKEqBYE",
    "document_id": 5130062058221470293,
    "emojis": [
      "\ud83c\udfad"
    ]
  },
  "CAADAQADqAEAAugjMEd8FsbEhAsi8BYE": {
    "file_id": "CAADAQADqAEAAugjMEd8FsbEhAsi8BYE",
    "document_id": 5129639454914380200,
    "emojis": [
      "\ud83c\udfad"
    ]
  },
  "CAADAQAD9QEAAjmaOUfUQpV4OyXP8hYE": {
    "file_id": "CAADAQAD9QEAAjmaOUfUQpV4OyXP8hYE",
    "document_id": 5132302819969204725,
    "emojis": [
      "\ud83c\udfad"
    ]
  },
  "CAADAQADpQEAAmACMEfdqNsGr0QZeBYE": {
    "file_id": "CAADAQADpQEAAmACMEfdqNsGr0QZeBYE",
    "document_id": 5129602586915111333,
    "emojis": [
      "\ud83c\udfad"
    ]
  },
  "CAADAQADuQEAAiKlMEc2p2L02pCY2xYE": {
    "file_id": "CAADAQADuQEAAiKlMEc2p2L02pCY2xYE",
    "document_id": 5129781541022466489,
    "emojis": [
      "\ud83c\udfad"
    ]
  },
  "CAADAQAD2AEAAr56MUfmvGXMPdX1DBYE": {
    "file_id": "CAADAQAD2AEAAr56MUfmvGXMPdX1DBYE",
    "document_id": 5130016407014080984,
    "emojis": [
      "\ud83c\udfad"
    ]
  },
  "CAADAQAD0wEAAoghMEdBeghx3de_KRYE": {
    "file_id": "CAADAQAD0wEAAoghMEdBeghx3de_KRYE",
    "document_id": 5129636843574264275,
    "emojis": [
      "\ud83c\udfad"
    ]
  },
  "CAADAQAD6QEAAprAOUcMAUtVRP9X8RYE": {
    "file_id": "CAADAQAD6QEAAprAOUcMAUtVRP9X8RYE",
    "document_id": 5132345018022887913,
    "emojis": [
      "\ud83c\udfad"
    ]
  },
  "CAADAQADCQIAAqbYOUe8V-blbll4DRYE": {
    "file_id": "CAADAQADCQIAAqbYOUe8V-blbll4DRYE",
    "document_id": 5132371457841562121,
    "emojis": [
      "\ud83c\udfad"
    ]
  },
  "CAADAQAD6QEAAkASOUeQIG8qjRHf7BYE": {
    "file_id": "CAADAQAD6QEAAkASOUeQIG8qjRHf7BYE",
    "document_id": 5132153316452598249,
    "emojis": [
      "\ud83c\udfad"
    ]
  },
  "CAADAQADrQEAAnB6MUdTe4_NtcuvcxYE": {
    "file_id": "CAADAQADrQEAAnB6MUdTe4_NtcuvcxYE",
    "document_id": 5130016072006631853,
    "emojis": [
      "\ud83c\udfad"
    ]
  },
  "CAADAQADwgEAAi8oMEfbOSl7qL311RYE": {
    "file_id": "CAADAQADwgEAAi8oMEfbOSl7qL311RYE",
    "document_id": 5129644157903569346,
    "emojis": [
      "\ud83c\udfad"
    ]
  },
  "CAADAQADRwEAAgGqOUcM1QoK-HqWXRYE": {
    "file_id": "CAADAQADRwEAAgGqOUcM1QoK-HqWXRYE",
    "document_id": 5132320171637080391,
    "emojis": [
      "\ud83c\udfad"
    ]
  },
  "CAADAQAD7wEAAjnQMUflY_1S6sdoRRYE": {
    "file_id": "CAADAQAD7wEAAjnQMUflY_1S6sdoRRYE",
    "document_id": 5130110393783419375,
    "emojis": [
      "\ud83c\udfad"
    ]
  },
  "CAADAQADIQIAAitMMUd8dpmxMYdp5RYE": {
    "file_id": "CAADAQADIQIAAitMMUd8dpmxMYdp5RYE",
    "document_id": 5129965198119010849,
    "emojis": [
      "\ud83c\udfad"
    ]
  },
  "CAADAQADvAEAAjtiMUflthqB1n8qlxYE": {
    "file_id": "CAADAQADvAEAAjtiMUflthqB1n8qlxYE",
    "document_id": 5129989456094298556,
    "emojis": [
      "\ud83c\udfad"
    ]
  },
  "CAADAQADkAIAAlv0MEf03liPT_mjgRYE": {
    "file_id": "CAADAQADkAIAAlv0MEf03liPT_mjgRYE",
    "document_id": 5129868647254196880,
    "emojis": [
      "\ud83c\udfad"
    ]
  },
  "CAADAQADeQIAAsmcMUdTBttPvUDHCBYE": {
    "file_id": "CAADAQADeQIAAsmcMUdTBttPvUDHCBYE",
    "document_id": 5130053837654065785,
    "emojis": [
      "\ud83c\udfad"
    ]
  },
  "CAADAQAD1AEAAlm9OUfivD31eD_UZhYE": {
    "file_id": "CAADAQAD1AEAAlm9OUfivD31eD_UZhYE",
    "document_id": 5132341440315130324,
    "emojis": [
      "\ud83c\udfad"
    ]
  },
  "CAADAQADZQIAAqtYMEeJnLXKpWjnZxYE": {
    "file_id": "CAADAQADZQIAAqtYMEeJnLXKpWjnZxYE",
    "document_id": 5129697467037647461,
    "emojis": [
      "\ud83c\udfad"
    ]
  },
  "CAADAQADTQIAAhVHMUfs6WDS5U5NsBYE": {
    "file_id": "CAADAQADTQIAAhVHMUfs6WDS5U5NsBYE",
    "document_id": 5129959606071591501,
    "emojis": [
      "\ud83c\udfad"
    ]
  },
  "CAADAQADuwIAAr5YMUfZooJ5Rzr0zRYE": {
    "file_id": "CAADAQADuwIAAr5YMUfZooJ5Rzr0zRYE",
    "document_id": 5129979023618736827,
    "emojis": [
      "\ud83c\udfad"
    ]
  },
  "CAADAQADQQIAAqF1MEfmD14Emd6RuhYE": {
    "file_id": "CAADAQADQQIAAqF1MEfmD14Emd6RuhYE",
    "document_id": 5129729309925179969,
    "emojis": [
      "\ud83c\udfad"
    ]
  },
  "CAADAQADkgEAAqNXOUdcsrG6yQhsGBYE": {
    "file_id": "CAADAQADkgEAAqNXOUdcsrG6yQhsGBYE",
    "document_id": 5132229607956677010,
    "emojis": [
      "\ud83c\udfad"
    ]
  },
  "CAADAQAD2QEAAux1MEcnmBg1xUikuRYE": {
    "file_id": "CAADAQAD2QEAAux1MEcnmBg1xUikuRYE",
    "document_id": 5129729632047727065,
    "emojis": [
      "\ud83c\udfad"
    ]
  },
  "CAADAQADoQEAAhJ-MEcmVy_pAwKrtxYE": {
    "file_id": "CAADAQADoQEAAhJ-MEcmVy_pAwKrtxYE",
    "document_id": 5129738591349506465,
    "emojis": [
      "\ud83c\udfad"
    ]
  },
  "CAADAQADmwIAAtkXMUe7sHydXNdM7BYE": {
    "file_id": "CAADAQADmwIAAtkXMUe7sHydXNdM7BYE",
    "document_id": 5129907671327048347,
    "emojis": [
      "\ud83c\udfad"
    ]
  },
  "CAADAQADlgEAAmhNMUc01PQbMdAFcBYE": {
    "file_id": "CAADAQADlgEAAmhNMUc01PQbMdAFcBYE",
    "document_id": 5129966559623643542,
    "emojis": [
      "\ud83c\udfad"
    ]
  },
  "CAADAQADzAEAAvn7MEfkgQn2kqZlIxYE": {
    "file_id": "CAADAQADzAEAAvn7MEfkgQn2kqZlIxYE",
    "document_id": 5129877022440423884,
    "emojis": [
      "\ud83c\udfad"
    ]
  },
  "CAADAQADDQIAAsRTMEesiKSmCUeYcBYE": {
    "file_id": "CAADAQADDQIAAsRTMEesiKSmCUeYcBYE",
    "document_id": 5129692076853690893,
    "emojis": [
      "\ud83c\udfad"
    ]
  },
  "CAADAQAD-gEAAiK6MEc1r6-WHe4xhRYE": {
    "file_id": "CAADAQAD-gEAAiK6MEc1r6-WHe4xhRYE",
    "document_id": 5129804630766649850,
    "emojis": [
      "\ud83c\udfad"
    ]
  },
  "CAADAQADcQIAApKxMUdts2qHEaSXeRYE": {
    "file_id": "CAADAQADcQIAApKxMUdts2qHEaSXeRYE",
    "document_id": 5130076691175047793,
    "emojis": [
      "\ud83c\udfad"
    ]
  },
  "CAADAQADqgEAAp3BYEc4R1fDQYOwlBYE": {
    "file_id": "CAADAQADqgEAAp3BYEc4R1fDQYOwlBYE",
    "document_id": 5143323654511133098,
    "emojis": [
      "\ud83c\udfad"
    ]
  },
  "CAADAQADxgEAAl-FWEdvHk1qRF4ZThYE": {
    "file_id": "CAADAQADxgEAAl-FWEdvHk1qRF4ZThYE",
    "document_id": 5141005617711808966,
    "emojis": [
      "\ud83c\udfad"
    ]
  },
  "CAADAQADbAIAAjOGYUek5JWqdiuOpxYE": {
    "file_id": "CAADAQADbAIAAjOGYUek5JWqdiuOpxYE",
    "document_id": 5143539803035271788,
    "emojis": [
      "\ud83c\udfad"
    ]
  },
  "CAADAQADOQEAAknQWEecfZj5cfriZBYE": {
    "file_id": "CAADAQADOQEAAknQWEecfZj5cfriZBYE",
    "document_id": 5141087986594611513,
    "emojis": [
      "\ud83c\udfad"
    ]
  },
  "CAADAQADFgIAAmo1WEdOqlgNKYtMcxYE": {
    "file_id": "CAADAQADFgIAAmo1WEdOqlgNKYtMcxYE",
    "document_id": 5140917704026227222,
    "emojis": [
      "\ud83c\udfad"
    ]
  },
  "CAADAQADqwEAAjWfWUdqU1m-SXAsdxYE": {
    "file_id": "CAADAQADqwEAAjWfWUdqU1m-SXAsdxYE",
    "document_id": 5141315499602215339,
    "emojis": [
      "\ud83c\udfad"
    ]
  },
  "CAADAQADggEAArtfWUfyz9bXwvEPHxYE": {
    "file_id": "CAADAQADggEAArtfWUfyz9bXwvEPHxYE",
    "document_id": 5141245706383655298,
    "emojis": [
      "\ud83c\udfad"
    ]
  },
  "CAADAQADoAIAAkCYWEclbHDdGCzAFxYE": {
    "file_id": "CAADAQADoAIAAkCYWEclbHDdGCzAFxYE",
    "document_id": 5141026375288750752,
    "emojis": [
      "\ud83c\udfad"
    ]
  },
  "CAADAQADLQIAAlmSWUd5bP034E5DFhYE": {
    "file_id": "CAADAQADLQIAAlmSWUd5bP034E5DFhYE",
    "document_id": 5141301360569877037,
    "emojis": [
      "\ud83c\udfad"
    ]
  },
  "CAADAQAD9gEAAslfWUePTUNNAAFnIJsWBA": {
    "file_id": "CAADAQAD9gEAAslfWUePTUNNAAFnIJsWBA",
    "document_id": 5141245766513197558,
    "emojis": [
      "\ud83c\udfad"
    ]
  },
  "CAADAQAD1AEAAp80WUec4h7tWhblRhYE": {
    "file_id": "CAADAQAD1AEAAp80WUec4h7tWhblRhYE",
    "document_id": 5141198307124576724,
    "emojis": [
      "\ud83c\udfad"
    ]
  },
  "CAADAQADxgEAAvYmWEdLCyFyxsKIkBYE": {
    "file_id": "CAADAQADxgEAAvYmWEdLCyFyxsKIkBYE",
    "document_id": 5140901812647231942,
    "emojis": [
      "\ud83c\udfad"
    ]
  },
  "CAADAQAD9wEAAuzHWUekUJGIe0p4kRYE": {
    "file_id": "CAADAQAD9wEAAuzHWUekUJGIe0p4kRYE",
    "document_id": 5141360266046341623,
    "emojis": [
      "\ud83c\udfad"
    ]
  },
  "CAADAQADggEAAmrgWEdwLMCsn0QzuhYE": {
    "file_id": "CAADAQADggEAAmrgWEdwLMCsn0QzuhYE",
    "document_id": 5141105720514576770,
    "emojis": [
      "\ud83c\udfad"
    ]
  },
  "CAADAQADogEAAkvHWEfLw3ahT5Dn1hYE": {
    "file_id": "CAADAQADogEAAkvHWEfLw3ahT5Dn1hYE",
    "document_id": 5141078099579896226,
    "emojis": [
      "\ud83c\udfad"
    ]
  },
  "CAADAQAD3QEAAi_eYUfooWykf8BRTBYE": {
    "file_id": "CAADAQAD3QEAAi_eYUfooWykf8BRTBYE",
    "document_id": 5143636542878646749,
    "emojis": [
      "\ud83c\udfad"
    ]
  },
  "CAADAQADzQEAArDiWUe2LkAhNO66dBYE": {
    "file_id": "CAADAQADzQEAArDiWUe2LkAhNO66dBYE",
    "document_id": 5141389695162253773,
    "emojis": [
      "\ud83c\udfad"
    ]
  },
  "CAADAQADDwEAArUQWUfAo9Nc0OLWlBYE": {
    "file_id": "CAADAQADDwEAArUQWUfAo9Nc0OLWlBYE",
    "document_id": 5141158819195257103,
    "emojis": [
      "\ud83c\udfad"
    ]
  }
}