{
  "CAADAQADpAEAArM0iUc8A2FeEujrYBYE": {
    "file_id": "CAADAQADpAEAArM0iUc8A2FeEujrYBYE",
    "document_id": 5154709191906034084,
    "emojis": [
      "\ud83c\udfad"
    ]
  },
  "CAADAQADGAIAAq5hiEcvsioeuGrt0BYE": {
    "file_id": "CAADAQADGAIAAq5hiEcvsioeuGrt0BYE",
    "document_id": 5154477173477736984,
    "emojis": [
      "\ud83c\udfad"
    ]
  },
  "CAADAQAD_QEAAoRFgUc4QUj4KTcV4xYE": {
    "file_id": "CAADAQAD_QEAAoRFgUc4QUj4KTcV4xYE",
    "document_id": 5152475881926558205,
    "emojis": [
      "\ud83c\udfad"
    ]
  },
  "CAADAQADqAEAAhiVgEfU1EO7AyftBhYE": {
    "file_id": "CAADAQADqAEAAhiVgEfU1EO7AyftBhYE",
    "document_id": 5152281904023601576,
    "emojis": [
      "\ud83c\udfad"
    ]
  },
  "CAADAQADRwEAAhEBgEd7cbFCgvJUuhYE": {
    "file_id": "CAADAQADRwEAAhEBgEd7cbFCgvJUuhYE",
    "document_id": 5152119146237919559,
    "emojis": [
      "\ud83c\udfad"
    ]
  },
  "CAADAQADtQEAAv1biEc-3T2aCgrophYE": {
    "file_id": "CAADAQADtQEAAv1biEc-3T2aCgrophYE",
    "document_id": 5154470915710386613,
    "emojis": [
      "\ud83c\udfad"
    ]
  },
  "CAADAQADiAEAAopEgUfnj2ilMMbiqhYE": {
    "file_id": "CAADAQADiAEAAopEgUfnj2ilMMbiqhYE",
    "document_id": 5152474808184734088,
    "emojis": [
      "\ud83c\udfad"
    ]
  },
  "CAADAQADBQIAAivPiEetqQAB0Rvh4mgWBA": {
    "file_id": "CAADAQADBQIAAivPiEetqQAB0Rvh4mgWBA",
    "document_id": 5154597557116076549,
    "emojis": [
      "\ud83c\udfad"
    ]
  },
  "CAADAQAD8AIAApLLgEfnDhCNBNdGGRYE": {
    "file_id": "CAADAQAD8AIAApLLgEfnDhCNBNdGGRYE",
    "document_id": 5152341801637511920,
    "emojis": [
      "\ud83c\udfad"
    ]
  },
  "CAADAQADbgIAAi_1iEdH7qgcXtqWIBYE": {
    "file_id": "CAADAQADbgIAAi_1iEdH7qgcXtqWIBYE",
    "document_id": 5154639355737801326,
    "emojis": [
      "\ud83c\udfad"
    ]
  },
  "CAADAQAD2AEAAr7SgEfbWe5NAzyF4hYE": {
    "file_id": "CAADAQAD2AEAAr7SgEfbWe5NAzyF4hYE",
    "document_id": 5152349687197467096,
    "emojis": [
      "\ud83c\udfad"
    ]
  },
  "CAADAQADqAEAAhZmiEfewX0i0KTHAhYE": {
    "file_id": "CAADAQADqAEAAhZmiEfewX0i0KTHAhYE",
    "document_id": 5154482018200846760,
    "emojis": [
      "\ud83c\udfad"
    ]
  },
  "CAADAQADQwIAAtOZgUfqS8-Nl4O14xYE": {
    "file_id": "CAADAQADQwIAAtOZgUfqS8-Nl4O14xYE",
    "document_id": 5152568580205707843,
    "emojis": [
      "\ud83c\udfad"
    ]
  },
  "CAADAQADOwIAAprjgUcEk3b94G-PghYE": {
    "file_id": "CAADAQADOwIAAprjgUcEk3b94G-PghYE",
    "document_id": 5152649699253027387,
    "emojis": [
      "\ud83c\udfad"
    ]
  },
  "CAADAQAD7wIAAjGigUfv7dnVWllxvRYE": {
    "file_id": "CAADAQAD7wIAAjGigUfv7dnVWllxvRYE",
    "document_id": 5152577780025656047,
    "emojis": [
      "\ud83c\udfad"
    ]
  },
  "CAADAQADbgEAAir8gEeN9-iS-TzURRYE": {
    "file_id": "CAADAQADbgEAAir8gEeN9-iS-TzURRYE",
    "document_id": 5152395231030673774,
    "emojis": [
      "\ud83c\udfad"
    ]
  },
  "CAADAQADNgIAAmuagEeXJGYfXLbuuhYE": {
    "file_id": "CAADAQADNgIAAmuagEeXJGYfXLbuuhYE",
    "document_id": 5152287758064026166,
    "emojis": [
      "\ud83c\udfad"
    ]
  },
  "CAADAQADcwIAAqb-gUek0ox6J3guJRYE": {
    "file_id": "CAADAQADcwIAAqb-gUek0ox6J3guJRYE",
    "document_id": 5152679437606584947,
    "emojis": [
      "\ud83c\udfad"
    ]
  },
  "CAADAQADHQIAAsliiUeysJ0jsf8v5RYE": {
    "file_id": "CAADAQADHQIAAsliiUeysJ0jsf8v5RYE",
    "document_id": 5154759863930192413,
    "emojis": [
      "\ud83c\udfad"
    ]
  },
  "CAADAQADGgIAArldiUdpiXXoD3DLRhYE": {
    "file_id": "CAADAQADGgIAArldiUdpiXXoD3DLRhYE",
    "document_id": 5154754297652576794,
    "emojis": [
      "\ud83c\udfad"
    ]
  },
  "CAADAQADcAEAAuw6gUduXiYCLLOARhYE": {
    "file_id": "CAADAQADcAEAAuw6gUduXiYCLLOARhYE",
    "document_id": 5152464233975251312,
    "emojis": [
      "\ud83c\udfad"
    ]
  },
  "CAADAQADewEAApPBiUfaL9Z1gr_x8RYE": {
    "file_id": "CAADAQADewEAApPBiUfaL9Z1gr_x8RYE",
    "document_id": 5154864085606596987,
    "emojis": [
      "\ud83c\udfad"
    ]
  },
  "CAADAQADjwEAAqHZgEedYPxIK64PXhYE": {
    "file_id": "CAADAQADjwEAAqHZgEedYPxIK64PXhYE",
    "document_id": 5152357259224809871,
    "emojis": [
      "\ud83c\udfad"
    ]
  },
  "CAADAQAD7wEAAmNPiUfLnXkEEoQgHBYE": {
    "file_id": "CAADAQAD7wEAAmNPiUfLnXkEEoQgHBYE",
    "document_id": 5154738535122600431,
    "emojis": [
      "\ud83c\udfad"
    ]
  },
  "CAADAQADBAIAArB-gEeEsmZg6ugocBYE": {
    "file_id": "CAADAQADBAIAArB-gEeEsmZg6ugocBYE",
    "document_id": 5152257268091191812,
    "emojis": [
      "\ud83c\udfad"
    ]
  },
  "CAADAQADdwEAAgIWgUdtmjMn8OlMNBYE": {
    "file_id": "CAADAQADdwEAAgIWgUdtmjMn8OlMNBYE",
    "document_id": 5152423646534304119,
    "emojis": [
      "\ud83c\udfad"
    ]
  },
  "CAADAQADIQIAAoJbiEcp8l1TAnL6HxYE": {
    "file_id": "CAADAQADIQIAAoJbiEcp8l1TAnL6HxYE",
    "document_id": 5154470387429409313,
    "emojis": [
      "\ud83c\udfad"
    ]
  },
  "CAADAQAD-AIAAkbigUe0Bco8JDoctxYE": {
    "file_id": "CAADAQAD-AIAAkbigUe0Bco8JDoctxYE",
    "document_id": 5152648238964146936,
    "emojis": [
      "\ud83c\udfad"
    ]
  },
  "CAADAQADvQEAAm8mgEdMyPSnAWzRkhYE": {
    "file_id": "CAADAQADvQEAAm8mgEdMyPSnAWzRkhYE",
    "document_id": 5152160231895073213,
    "emojis": [
      "\ud83c\udfad"
    ]
  },
  "CAADAQADEwIAAjcAAYlHK5xb4jGOvysWBA": {
    "file_id": "CAADAQADEwIAAjcAAYlHK5xb4jGOvysWBA",
    "document_id": 5154651484725445139,
    "emojis": [
      "\ud83c\udfad"
    ]
  },
  "CAADAQADWwIAAn56gUcwB5AyK58prhYE": {
    "file_id": "CAADAQADWwIAAn56gUcwB5AyK58prhYE",
    "document_id": 5152534130273026651,
    "emojis": [
      "\ud83c\udfad"
    ]
  },
  "CAADAQADLgIAAiwSgEc38_KcprkEJRYE": {
    "file_id": "CAADAQADLgIAAiwSgEc38_KcprkEJRYE",
    "document_id": 5152137953899708974,
    "emojis": [
      "\ud83c\udfad"
    ]
  },
  "CAADAQAD2AEAAmNrgUfeOPeERNIsjBYE": {
    "file_id": "CAADAQAD2AEAAmNrgUfeOPeERNIsjBYE",
    "document_id": 5152517521634492888,
    "emojis": [
      "\ud83c\udfad"
    ]
  },
  "CAADAQADAwIAArBagUf6j4ptXnqxzxYE": {
    "file_id": "CAADAQADAwIAArBagUf6j4ptXnqxzxYE",
    "document_id": 5152499160649302531,
    "emojis": [
      "\ud83c\udfad"
    ]
  },
  "CAADAQADiwIAArrtgUcp5FnVMVK9kxYE": {
    "file_id": "CAADAQADiwIAArrtgUcp5FnVMVK9kxYE",
    "document_id": 5152660831808258699,
    "emojis": [
      "\ud83c\udfad"
    ]
  },
  "CAADAQADLgIAAgaQiEdERdV7I6ZiPxYE": {
    "file_id": "CAADAQADLgIAAgaQiEdERdV7I6ZiPxYE",
    "document_id": 5154528128969736750,
    "emojis": [
      "\ud83c\udfad"
    ]
  },
  "CAADAQADigEAAr8NgEcaSmgREN7bfRYE": {
    "file_id": "CAADAQADigEAAr8NgEcaSmgREN7bfRYE",
    "document_id": 5152133087701762442,
    "emojis": [
      "\ud83c\udfad"
    ]
  },
  "CAADAQAD9wEAAmMdgEdmbuUCYVEmzRYE": {
    "file_id": "CAADAQAD9wEAAmMdgEdmbuUCYVEmzRYE",
    "document_id": 5152150284750815735,
    "emojis": [
      "\ud83c\udfad"
    ]
  },
  "CAADAQADdwIAAkXqgUd7jrlQBQgaUBYE": {
    "file_id": "CAADAQADdwIAAkXqgUd7jrlQBQgaUBYE",
    "document_id": 5152657030762201719,
    "emojis": [
      "\ud83c\udfad"
    ]
  },
  "CAADAQADmwEAAhbLgUdQJfOIVpqCVRYE": {
    "file_id": "CAADAQADmwEAAhbLgUdQJfOIVpqCVRYE",
    "document_id": 5152622744038277531,
    "emojis": [
      "\ud83c\udfad"
    ]
  },
  "CAADAQADxQIAAkDwiUc32j6j4Z3vixYE": {
    "file_id": "CAADAQADxQIAAkDwiUc32j6j4Z3vixYE",
    "document_id": 5154915406170817221,
    "emojis": [
      "\ud83c\udfad"
    ]
  },
  "CAADAQADBAIAAmNHiUcHsiLk-AZ-3RYE": {
    "file_id": "CAADAQADBAIAAmNHiUcHsiLk-AZ-3RYE",
    "document_id": 5154729739029578244,
    "emojis": [
      "\ud83c\udfad"
    ]
  },
  "CAADAQADtQEAAlGZgEeHJOi0krYwZxYE": {
    "file_id": "CAADAQADtQEAAlGZgEeHJOi0krYwZxYE",
    "document_id": 5152286546883248565,
    "emojis": [
      "\ud83c\udfad"
    ]
  },
  "CAADAQADKgIAAsN3gUdcKXOZ8pYAAT0WBA": {
    "file_id": "CAADAQADKgIAAsN3gUdcKXOZ8pYAAT0WBA",
    "document_id": 5152531128090886698,
    "emojis": [
      "\ud83c\udfad"
    ]
  },
  "CAADAQAD1AQAAl3MiUcR9klSUSDxpxYE": {
    "file_id": "CAADAQAD1AQAAl3MiUcR9klSUSDxpxYE",
    "document_id": 5154875948306269396,
    "emojis": [
      "\ud83c\udfad"
    ]
  },
  "CAADAQADTAIAAtHxgUd9Ph-1qDnGaxYE": {
    "file_id": "CAADAQADTAIAAtHxgUd9Ph-1qDnGaxYE",
    "document_id": 5152665328639017548,
    "emojis": [
      "\ud83c\udfad"
    ]
  },
  "CAADAQADeQEAAg9KgUf8lFZN8xztlhYE": {
    "file_id": "CAADAQADeQEAAg9KgUf8lFZN8xztlhYE",
    "document_id": 5152480876973523321,
    "emojis": [
      "\ud83c\udfad"
    ]
  },
  "CAADAQAD7QEAAktZiEcgsR6CQ46CChYE": {
    "file_id": "CAADAQAD7QEAAktZiEcgsR6CQ46CChYE",
    "document_id": 5154467952182952429,
    "emojis": [
      "\ud83c\udfad"
    ]
  },
  "CAADAQADYgEAAn4ngEegV2_H96FdmhYE": {
    "file_id": "CAADAQADYgEAAn4ngEegV2_H96FdmhYE",
    "document_id": 5152161395831210338,
    "emojis": [
      "\ud83c\udfad"
    ]
  },
  "CAADAQADrgEAAo-JiEcYpl_v9L07GBYE": {
    "file_id": "CAADAQADrgEAAo-JiEcYpl_v9L07GBYE",
    "document_id": 5154521020798861742,
    "emojis": [
      "\ud83c\udfad"
    ]
  },
  "CAADAQAD6QEAArswgUe8chTGimVF1RYE": {
    "file_id": "CAADAQAD6QEAArswgUe8chTGimVF1RYE",
    "document_id": 5152453028405576169,
    "emojis": [
      "\ud83c\udfad"
    ]
  },
  "CAADAQADegIAAhiegEdZ6Ncsz7IeWxYE": {
    "file_id": "CAADAQADegIAAhiegEdZ6Ncsz7IeWxYE",
    "document_id": 5152291799628251770,
    "emojis": [
      "\ud83c\udfad"
    ]
  },
  "CAADAQADzAEAAvNqgUfdxRuJMQi1JRYE": {
    "file_id": "CAADAQADzAEAAvNqgUfdxRuJMQi1JRYE",
    "document_id": 5152517040598155724,
    "emojis": [
      "\ud83c\udfad"
    ]
  },
  "CAADAQADNAIAAhRbgEfNVSOD9Tyt1hYE": {
    "file_id": "CAADAQADNAIAAhRbgEfNVSOD9Tyt1hYE",
    "document_id": 5152218115169321524,
    "emojis": [
      "\ud83c\udfad"
    ]
  },
  "CAADAQADFAIAAhNBgEfQnXEwL74EBBYE": {
    "file_id": "CAADAQADFAIAAhNBgEfQnXEwL74EBBYE",
    "document_id": 5152189523572032020,
    "emojis": [
      "\ud83c\udfad"
    ]
  },
  "CAADAQADEQIAAusvgEdlMvJHrg1LSRYE": {
    "file_id": "CAADAQADEQIAAusvgEdlMvJHrg1LSRYE",
    "document_id": 5152170660075667985,
    "emojis": [
      "\ud83c\udfad"
    ]
  },
  "CAADAQADswEAAlQgiEc87NX3BJ82TxYE": {
    "file_id": "CAADAQADswEAAlQgiEc87NX3BJ82TxYE",
    "document_id": 5154405318674874803,
    "emojis": [
      "\ud83c\udfad"
    ]
  },
  "CAADAQADswEAAovcgUd6wkq_ZWy-hxYE": {
    "file_id": "CAADAQADswEAAovcgUd6wkq_ZWy-hxYE",
    "document_id": 5152641938247123379,
    "emojis": [
      "\ud83c\udfad"
    ]
  },
  "CAADAQADHgIAAkmfgUeggb8tJHFt_BYE": {
    "file_id": "CAADAQADHgIAAkmfgUeggb8tJHFt_BYE",
    "document_id": 5152574584569987614,
    "emojis": [
      "\ud83c\udfad"
    ]
  },
  "CAADAQADXwIAAhdLgUcW9gABi415m74WBA": {
    "file_id": "CAADAQADXwIAAhdLgUcW9gABi415m74WBA",
    "document_id": 5152482010844889695,
    "emojis": [
      "\ud83c\udfad"
    ]
  },
  "CAADAQADmAEAAjtkgUe0WefgZo5x6xYE": {
    "file_id": "CAADAQADmAEAAjtkgUe0WefgZo5x6xYE",
    "document_id": 5152509653254406552,
    "emojis": [
      "\ud83c\udfad"
    ]
  },
  "CAADAQADPwIAAq8ogUcQ5rdSATWrPRYE": {
    "file_id": "CAADAQADPwIAAq8ogUcQ5rdSATWrPRYE",
    "document_id": 5152444180772946495,
    "emojis": [
      "\ud83c\udfad"
    ]
  },
  "CAADAQADigIAAoVQiUcOhT6hoRLJ3hYE": {
    "file_id": "CAADAQADigIAAoVQiUcOhT6hoRLJ3hYE",
    "document_id": 5154739780663116426,
    "emojis": [
      "\ud83c\udfad"
    ]
  },
  "CAADAQADTAIAAux6gUfRoYerUk7YuBYE": {
    "file_id": "CAADAQADTAIAAux6gUfRoYerUk7YuBYE",
    "document_id": 5152534602719429196,
    "emojis": [
      "\ud83c\udfad"
    ]
  },
  "CAADAQADKAEAAjD-gEcHyKTDB3WDKxYE": {
    "file_id": "CAADAQADKAEAAjD-gEcHyKTDB3WDKxYE",
    "document_id": 5152397455823733032,
    "emojis": [
      "\ud83c\udfad"
    ]
  },
  "CAADAQAD4AEAAguBgEf9wnuZMFgauBYE": {
    "file_id": "CAADAQAD4AEAAguBgEf9wnuZMFgauBYE",
    "document_id": 5152259857956471264,
    "emojis": [
      "\ud83c\udfad"
    ]
  },
  "CAADAQADigIAAqKWgUe6PhDtgXc3TBYE": {
    "file_id": "CAADAQADigIAAqKWgUe6PhDtgXc3TBYE",
    "document_id": 5152565071217427082,
    "emojis": [
      "\ud83c\udfad"
    ]
  },
  "CAADAQAD0gEAAm-igEdYourv7IFm4hYE": {
    "file_id": "CAADAQAD0gEAAm-igEdYourv7IFm4hYE",
    "document_id": 5152296571336917458,
    "emojis": [
      "\ud83c\udfad"
    ]
  },
  "CAADAQADGwIAAi1wgUf97mdjVlo89hYE": {
    "file_id": "CAADAQADGwIAAi1wgUf97mdjVlo89hYE",
    "document_id": 5152522787264397851,
    "emojis": [
      "\ud83c\udfad"
    ]
  },
  "CAADAQADHAIAAqZGgEfYS-Qqeqm7PBYE": {
    "file_id": "CAADAQADHAIAAqZGgEfYS-Qqeqm7PBYE",
    "document_id": 5152195652490363420,
    "emojis": [
      "\ud83c\udfad"
    ]
  },
  "CAADAQADMwIAApr2gUdRbAyVnmihiBYE": {
    "file_id": "CAADAQADMwIAApr2gUdRbAyVnmihiBYE",
    "document_id": 5152670589973955123,
    "emojis": [
      "\ud83c\udfad"
    ]
  },
  "CAADAQADcQIAAjdciUd_bOHrm3t1ghYE": {
    "file_id": "CAADAQADcQIAAjdciUd_bOHrm3t1ghYE",
    "document_id": 5154752639795200625,
    "emojis": [
      "\ud83c\udfad"
    ]
  },
  "CAADAQADTQIAApdPiUdXerz5GZM73BYE": {
    "file_id": "CAADAQADTQIAApdPiUdXerz5GZM73BYE",
    "document_id": 5154738758460899917,
    "emojis": [
      "\ud83c\udfad"
    ]
  },
  "CAADAQAD4wEAAmICgUesbfORXNaybhYE": {
    "file_id": "CAADAQAD4wEAAmICgUesbfORXNaybhYE",
    "document_id": 5152402068618609123,
    "emojis": [
      "\ud83c\udfad"
    ]
  },
  "CAADAQADNAIAArWhgUdOayoGF4vHvBYE": {
    "file_id": "CAADAQADNAIAArWhgUdOayoGF4vHvBYE",
    "document_id": 5152577247449711156,
    "emojis": [
      "\ud83c\udfad"
    ]
  },
  "CAADAQADGQIAAlMCgEc3F5uvOpzQJhYE": {
    "file_id": "CAADAQADGQIAAlMCgEc3F5uvOpzQJhYE",
    "document_id": 5152120529217389081,
    "emojis": [
      "\ud83c\udfad"
    ]
  },
  "CAADAQAD5gEAAgxmgUfUK_NkISM2ohYE": {
    "file_id": "CAADAQAD5gEAAgxmgUfUK_NkISM2ohYE",
    "document_id": 5152511650414199270,
    "emojis": [
      "\ud83c\udfad"
    ]
  },
  "CAADAQAD_QEAAoH1iEfCM_SN9_ZPwRYE": {
    "file_id": "CAADAQAD_QEAAoH1iEfCM_SN9_ZPwRYE",
    "document_id": 5154639707925119485,
    "emojis": [
      "\ud83c\udfad"
    ]
  },
  "CAADAQADGwIAAoO2gUf1ZaxFPvZ26xYE": {
    "file_id": "CAADAQADGwIAAoO2gUf1ZaxFPvZ26xYE",
    "document_id": 5152600122445529627,
    "emojis": [
      "\ud83c\udfad"
    ]
  },
  "CAADAQAD3AEAAjjMgUfpzhrKuVjD9RYE": {
    "file_id": "CAADAQAD3AEAAjjMgUfpzhrKuVjD9RYE",
    "document_id": 5152623989578793436,
    "emojis": [
      "\ud83c\udfad"
    ]
  },
  "CAADAQADqAEAAokbgEcuPrh2ZVzy1xYE": {
    "file_id": "CAADAQADqAEAAokbgEcuPrh2ZVzy1xYE",
    "document_id": 5152148248936317352,
    "emojis": [
      "\ud83c\udfad"
    ]
  },
  "CAADAQAD_wIAApYCiUfISwRlDPGg3BYE": {
    "file_id": "CAADAQAD_wIAApYCiUfISwRlDPGg3BYE",
    "document_id": 5154654091770594047,
    "emojis": [
      "\ud83c\udfad"
    ]
  },
  "CAADAQADvQEAAm1hiUdu_judUYNIyBYE": {
    "file_id": "CAADAQADvQEAAm1hiUdu_judUYNIyBYE",
    "document_id": 5154758369281573309,
    "emojis": [
      "\ud83c\udfad"
    ]
  },
  "CAADAQADawIAAue0gUc1hlb3vSeMkxYE": {
    "file_id": "CAADAQADawIAAue0gUc1hlb3vSeMkxYE",
    "document_id": 5152598352919003755,
    "emojis": [
      "\ud83c\udfad"
    ]
  },
  "CAADAQADiQEAAsk1gEezoaonx_b-hRYE": {
    "file_id": "CAADAQADiQEAAsk1gEezoaonx_b-hRYE",
    "document_id": 5152177111116546441,
    "emojis": [
      "\ud83c\udfad"
    ]
  },
  "CAADAQAD6AEAAgRqiUdp2JVVm-cSoRYE": {
    "file_id": "CAADAQAD6AEAAgRqiUdp2JVVm-cSoRYE",
    "document_id": 5154767813914657256,
    "emojis": [
      "\ud83c\udfad"
    ]
  },
  "CAADAQADbgIAAq1UiUfFLiZ9Z59uBxYE": {
    "file_id": "CAADAQADbgIAAq1UiUfFLiZ9Z59uBxYE",
    "document_id": 5154744350508319342,
    "emojis": [
      "\ud83c\udfad"
    ]
  },
  "CAADAQADqwIAAsmigEc7oE0rvEeEyRYE": {
    "file_id": "CAADAQADqwIAAsmigEc7oE0rvEeEyRYE",
    "document_id": 5152296957883974315,
    "emojis": [
      "\ud83c\udfad"
    ]
  },
  "CAADAQADPAIAAgUMgEexHCaNWQxa0BYE": {
    "file_id": "CAADAQADPAIAAgUMgEexHCaNWQxa0BYE",
    "document_id": 5152131189326217788,
    "emojis": [
      "\ud83c\udfad"
    ]
  },
  "CAADAQAD6gEAAnbZiUdNTDUbA2OpaxYE": {
    "file_id": "CAADAQAD6gEAAnbZiUdNTDUbA2OpaxYE",
    "document_id": 5154890349331612138,
    "emojis": [
      "\ud83c\udfad"
    ]
  },
  "CAADAQADaAIAAgkPgEcjee5f9uz66xYE": {
    "file_id": "CAADAQADaAIAAgkPgEcjee5f9uz66xYE",
    "document_id": 5152134505040970344,
    "emojis": [
      "\ud83c\udfad"
    ]
  },
  "CAADAQAD-AEAAmUpiEfyA8R5EmlH0RYE": {
    "file_id": "CAADAQAD-AEAAmUpiEfyA8R5EmlH0RYE",
    "document_id": 5154415287293968888,
    "emojis": [
      "\ud83c\udfad"
    ]
  },
  "CAADAQADBwMAAp43gEep0Zc6jp_OqhYE": {
    "file_id": "CAADAQADBwMAAp43gEep0Zc6jp_OqhYE",
    "document_id": 5152179125456208647,
    "emojis": [
      "\ud83c\udfad"
    ]
  },
  "CAADAQADdQEAAg8QgUf6sHX7gsC_4xYE": {
    "file_id": "CAADAQADdQEAAg8QgUf6sHX7gsC_4xYE",
    "document_id": 5152417105299112309,
    "emojis": [
      "\ud83c\udfad"
    ]
  },
  "CAADAQADVQIAAgnIgUdIiTj6HARi4RYE": {
    "file_id": "CAADAQADVQIAAgnIgUdIiTj6HARi4RYE",
    "document_id": 5152619389668819541,
    "emojis": [
      "\ud83c\udfad"
    ]
  },
  "CAADAQADoAEAAgINiEdmuONHP40XuxYE": {
    "file_id": "CAADAQADoAEAAgINiEdmuONHP40XuxYE",
    "document_id": 5154384075766628768,
    "emojis": [
      "\ud83c\udfad"
    ]
  },
  "CAADAQADMAIAAri2gEeVRMYVHbKDnhYE": {
    "file_id": "CAADAQADMAIAAri2gEeVRMYVHbKDnhYE",
    "document_id": 5152318875102085680,
    "emojis": [
      "\ud83c\udfad"
    ]
  },
  "CAADAQADjwIAAmN2iEdIEOwYKdGx6hYE": {
    "file_id": "CAADAQADjwIAAmN2iEdIEOwYKdGx6hYE",
    "document_id": 5154499941099373199,
    "emojis": [
      "\ud83c\udfad"
    ]
  },
  "CAADAQAD1AIAApBmgEfpXfzsfeg99hYE": {
    "file_id": "CAADAQAD1AIAApBmgEfpXfzsfeg99hYE",
    "document_id": 5152230742373171924,
    "emojis": [
      "\ud83c\udfad"
    ]
  },
  "CAADAQADtgEAAh1DgUcnSaKctwmOyhYE": {
    "file_id": "CAADAQADtgEAAh1DgUcnSaKctwmOyhYE",
    "document_id": 5152473240521671094,
    "emojis": [
      "\ud83c\udfad"
    ]
  },
  "CAADAQADfQEAAouZgUc1ozBysGl-SxYE": {
    "file_id": "CAADAQADfQEAAouZgUc1ozBysGl-SxYE",
    "document_id": 5152568270968062333,
    "emojis": [
      "\ud83c\udfad"
    ]
  },
  "CAADAQADkAIAAnCVgUeAXXaBWKhwkRYE": {
    "file_id": "CAADAQADkAIAAnCVgUeAXXaBWKhwkRYE",
    "document_id": 5152563756957434512,
    "emojis": [
      "\ud83c\udfad"
    ]
  },
  "CAADAQADoAEAAospgUeM3LPO7ZGY_hYE": {
    "file_id": "CAADAQADoAEAAospgUeM3LPO7ZGY_hYE",
    "document_id": 5152445125665751456,
    "emojis": [
      "\ud83c\udfad"
    ]
  },
  "CAADAQADTwIAAqB7iEdgdwwMR0vAqRYE": {
    "file_id": "CAADAQADTwIAAqB7iEdgdwwMR0vAqRYE",
    "document_id": 5154505700650517071,
    "emojis": [
      "\ud83c\udfad"
    ]
  },
  "CAADAQADiQIAAgMMgUecG5uvONWdBBYE": {
    "file_id": "CAADAQADiQIAAgMMgUecG5uvONWdBBYE",
    "document_id": 5152412655712993929,
    "emojis": [
      "\ud83c\udfad"
    ]
  },
  "CAADAQAD1gEAAir7gEeAjpJPtRFhlhYE": {
    "file_id": "CAADAQAD1gEAAir7gEeAjpJPtRFhlhYE",
    "document_id": 5152394131519046102,
    "emojis": [
      "\ud83c\udfad"
    ]
  },
  "CAADAQADRwIAArD2gEeMBYV_NSJa3hYE": {
    "file_id": "CAADAQADRwIAArD2gEeMBYV_NSJa3hYE",
    "document_id": 5152389209486524999,
    "emojis": [
      "\ud83c\udfad"
    ]
  },
  "CAADAQADEgIAAh-ugUeAm9nWnxwU9RYE": {
    "file_id": "CAADAQADEgIAAh-ugUeAm9nWnxwU9RYE",
    "document_id": 5152590896855777810,
    "emojis": [
      "\ud83c\udfad"
    ]
  },
  "CAADAQADiAEAArz5gUdBXiaBtqqtihYE": {
    "file_id": "CAADAQADiAEAArz5gUdBXiaBtqqtihYE",
    "document_id": 5152674034537726344,
    "emojis": [
      "\ud83c\udfad"
    ]
  },
  "CAADAQADswEAAifCiUeDvpO_sM0GSRYE": {
    "file_id": "CAADAQADswEAAifCiUeDvpO_sM0GSRYE",
    "document_id": 5154864721261756851,
    "emojis": [
      "\ud83c\udfad"
    ]
  },
  "CAADAQADygEAAnO8iUfADa-DBsmtZxYE": {
    "file_id": "CAADAQADygEAAnO8iUfADa-DBsmtZxYE",
    "document_id": 5154858450609504714,
    "emojis": [
      "\ud83c\udfad"
    ]
  },
  "CAADAQADSgIAAtQqiEcsedj-lIpDvRYE": {
    "file_id": "CAADAQADSgIAAtQqiEcsedj-lIpDvRYE",
    "document_id": 5154416863546966602,
    "emojis": [
      "\ud83c\udfad"
    ]
  },
  "CAADAQADQQIAAg_NgUew0ngvY7y6LxYE": {
    "file_id": "CAADAQADQQIAAg_NgUew0ngvY7y6LxYE",
    "document_id": 5152624912996762177,
    "emojis": [
      "\ud83c\udfad"
    ]
  },
  "CAADAQADPQMAAof0gUd76PPNDzuushYE": {
    "file_id": "CAADAQADPQMAAof0gUd76PPNDzuushYE",
    "document_id": 5152668309346321213,
    "emojis": [
      "\ud83c\udfad"
    ]
  },
  "CAADAQADzAIAAgHCgEeos-ZWvwcnLRYE": {
    "file_id": "CAADAQADzAIAAgHCgEeos-ZWvwcnLRYE",
    "document_id": 5152331283262603980,
    "emojis": [
      "\ud83c\udfad"
    ]
  },
  "CAADAQADkQEAAna4gEf9RAKt_DiqWxYE": {
    "file_id": "CAADAQADkQEAAna4gEf9RAKt_DiqWxYE",
    "document_id": 5152320790657499537,
    "emojis": [
      "\ud83c\udfad"
    ]
  },
  "CAADAQADxAEAAvfAiEcIpCnfYLg5NhYE": {
    "file_id": "CAADAQADxAEAAvfAiEcIpCnfYLg5NhYE",
    "document_id": 5154581940614988228,
    "emojis": [
      "\ud83c\udfad"
    ]
  },
  "CAADAQADawEAAps0iUdxDT2RBtIBThYE": {
    "file_id": "CAADAQADawEAAps0iUdxDT2RBtIBThYE",
    "document_id": 5154709088826818923,
    "emojis": [
      "\ud83c\udfad"
    ]
  },
  "CAADAQAEAgACAlyBRz8MKKL_lB6wFgQ": {
    "file_id": "CAADAQAEAgACAlyBRz8MKKL_lB6wFgQ",
    "document_id": 5152500612348248576,
    "emojis": [
      "\ud83c\udfad"
    ]
  },
  "CAADAQAD2QEAAsv6gEcDEPNr5nzddhYE": {
    "file_id": "CAADAQAD2QEAAsv6gEcDEPNr5nzddhYE",
    "document_id": 5152393723497152985,
    "emojis": [
      "\ud83c\udfad"
    ]
  }
}